maturity,rate
0,0.00200
1,0.00432
2,0.00513
3,0.00595
6,0.00840
12,0.0101
24,0.0117
36,0.0133
60,0.0149
84,0.0166
120,0.0182
240,0.0223
360,0.0267
