maturity,rate
0,0.00350
1,0.00595
2,0.00677
3,0.00759
6,0.00922
12,0.0117
24,0.0133
36,0.0149
60,0.0166
84,0.0182
120,0.0198
240,0.0247
360,0.0272
