maturity, rate
1,0.00106
2,0.00114
3,0.00115
4,0.00117
5,0.00119
6,0.00121
7,0.00122
8,0.00124
9,0.00128
10,0.00131
11,0.00135
12,0.00138
15,0.00152
18,0.00166
21,0.00184
24,0.00206
36,0.00344
48,0.00543
60,0.00756
72,0.00967
84,0.01162
96,0.0134
108,0.01502
120,0.01649
132,0.01776
144,0.01888
180,0.02137
240,0.02322
300,0.02389
360,0.02416
