Date,AAPL,BAC,GE,GOOG,JPM,META,MSFT,SBUX,T,XOM,SP500,rf
2021-12-13,-0.0206742306470038,-0.02111397450838115,-0.03940194857460111,-0.013253773131292279,-0.011888434771980316,0.01437449654094003,-0.009166675796160484,-0.010023184938133589,-0.01751295259434449,-0.02190132769603159,-0.009136167611567658,6.615384840048277e-06
2021-12-14,-0.008023281839141139,0.012620439037378306,-0.01095230210830811,-0.011819634370268228,0.007662114583857571,-0.00224221956380366,-0.0325869725029686,-0.007355538560969044,-0.006684524058632735,-0.0014601829759230966,-0.0074706775774360246,7.384615448805003e-06
2021-12-15,0.028509264980647986,-0.004305683034962704,-0.0003258381652641029,0.016541261266040275,-0.007478062502907168,0.02373108904980903,0.019217850541724646,-0.0002613479275178632,-0.005383516855798187,-0.004387483026191741,0.016348464630746795,6.923077198175284e-06
2021-12-16,-0.03926393573410647,0.0241239818332446,0.0048870282155615286,-0.017167839690898967,0.015638826974381237,-0.019785780287909893,-0.02913482427783398,-0.009504901139705701,0.0694630485824661,0.0016321424806986506,-0.008743415379980468,5.384615407540248e-06
2021-12-17,-0.006501643417539005,-0.024888987140654795,-0.011671720821362586,-0.014053633449836789,-0.02275411728487753,-0.003314378536255158,-0.003385640143527935,-0.04366580413984944,0.002952491209399666,-0.02183474016551923,-0.010287680637092622,4.61538451222273e-06
2021-12-20,-0.008122038160115475,-0.01640824664931817,-0.015212832671430143,-0.0028114904821024966,-0.0179895183548886,-0.024985757884865567,-0.01201364833358265,-0.00497091780185932,0.01724135046749975,-0.014492782078485145,-0.01138805785140995,5.846153658169966e-06
2021-12-21,0.019086752642539118,0.023864625451232913,0.03422980160128497,0.012773743158932538,0.013966569791142636,0.026885849352599855,0.023068966864444373,0.02109359597164273,0.011575032024306209,0.022650405647274496,0.017777934551572505,9.999999633202187e-06
2021-12-22,0.015318830538906258,0.002036642355887741,0.00010744512295812747,0.018918948943754232,0.003907929595208914,-0.01122082544292946,0.01805739598858036,0.012412745061335162,0.012668720020102997,0.00809925095834485,0.010180197220578835,9.999999633202187e-06
2021-12-23,0.003643829608405813,0.0031616214518399577,0.009992590569043003,0.0013167608990234392,0.0035737749426447696,0.014495318052349715,0.004471857890156805,0.005638015473064195,0.003631932383425074,0.0004918572994094816,0.006223699921661829,8.923076666318453e-06
2021-12-27,0.022974887182006576,0.004952731384151754,0.0065956085547114185,0.0062625925127430815,0.005723073554382507,0.032633345543763514,0.02318555308873682,0.016463569650675636,-0.0036187891857923926,0.014257582008404768,0.01383893524747526,6.615384840048277e-06
2021-12-28,-0.005767352399094872,0.0013442815736282032,0.007186745341084322,-0.010914181469367512,0.003034841774154362,0.00011557151126107001,-0.0035042014554033107,0.011819162700062336,0.0016140902418175784,-0.00323151840584468,-0.0010101548486260992,7.692307806932009e-06
2021-12-29,0.0005021268825888825,-0.00156600157078568,-0.005351624222181273,0.00038582497987005304,-0.0005042089427252927,-0.009473741458414398,0.0020514041603370003,0.007008688564088983,-0.007252159127570268,-0.008753498424790562,0.0014018951394270118,6.923077198175284e-06
2021-12-30,-0.006578161062053556,-0.002240793407508268,-0.0009493574386246761,-0.0034265083786925166,-0.0005047677413835272,0.004140616142903397,-0.007691256308971495,-0.001202872309969405,0.005681875842421302,-0.005887110586902611,-0.0029897555945093135,3.846153903466004e-06
2021-12-31,-0.003535349167084756,-0.0008982236160597346,-0.0024289602324725212,-0.009061475144276687,-0.0008199764789807995,-0.02326048202107267,-0.008841176258218564,0.00628005855738567,-0.007263979436517798,0.006580052717174212,-0.0026261799136575448,5.076923049413241e-06
2022-01-03,0.02500406868372118,0.03798593523628857,0.01873633596355151,0.002730096535268567,0.021155601567200533,0.00651108191367844,-0.004668195097966343,-0.0024791782992568123,0.03373986627555414,0.03840499418355736,0.006374052530970564,8.153846057561729e-06
2022-01-04,-0.012691511851770643,0.03919462909981952,0.03252277284688598,-0.00453552851707506,0.037909564552487396,-0.005937288695254117,-0.01714690292247889,-0.020911956065955195,0.008258046609105563,0.03761400616254362,-0.000629621957060511,1.2307692032593949e-05
2022-01-05,-0.026599861173067896,-0.016878535461750555,0.0,-0.04682983111591976,-0.0182821149363398,-0.03672773718954081,-0.03838805625734909,-0.03326324506219258,0.022230748242505705,0.012437604234386557,-0.019392757790687165,1.3076923214472257e-05
2022-01-06,-0.016693379763309313,0.020135514296000245,0.005836690215133888,-0.0007446853322041758,0.010624199298126635,0.02557293297947738,-0.007902037516224647,0.006338273242980419,-0.0038152835541027663,0.023520339462414386,-0.0009637690162076495,1.3846154396350567e-05
2022-01-07,0.0009883922603599604,0.0218160042121327,0.014507347465938292,-0.003973024919069701,0.009908061660726775,-0.002015228681273573,0.0005098470636661911,-0.03212159093755407,0.03416303523804398,0.008196834437602885,-0.004050216740091761,1.3538461465101975e-05
2022-01-10,0.00011619821983965828,-0.005083341499845018,-0.019526598590032807,0.011455855601801845,0.0009572499483530006,-0.01121191453901016,0.000732186024628767,-0.014316368625258202,0.006466387685660768,-0.0059523149228815075,-0.0014410312534549607,1.3846154396350567e-05
2022-01-11,0.016783768869387483,0.005722321480962966,0.023838272721303344,0.010416792837726785,0.0010159859092657708,0.019203181187918528,0.0022594909276938413,-0.018768138923961675,-0.004535071997169404,0.04206207773173021,0.009159984668711818,1.8153846263885496e-05
2022-01-12,0.0025701247014469075,-0.007112163298494734,0.004420837880621198,0.011644923975503207,0.005672019308205378,-0.0033196320476467367,0.010444999247746667,-0.0016340746179638321,0.004176035674492873,-0.0029432495685379756,0.002817754443029452,1.769230801325578e-05
2022-01-13,-0.019027944343475767,-0.002046799267292343,0.0021518392470207814,-0.017769388766162075,-0.0012469141699341657,-0.02034447152559682,-0.04232266018516628,-0.014152352365009446,0.013232556293277575,-0.007168975618718654,-0.0142436152864307,1.692307683137747e-05
2022-01-14,0.005110695483699468,-0.017432298938635515,0.006832007406307072,0.004711403891758392,-0.06146335127964697,0.01660127030068992,0.017716690062625773,-0.022265538139603303,0.01417917851112338,0.017556290982210454,0.0008199802697488323,1.8153846263885496e-05
2022-01-18,-0.018894268133979653,-0.03443966483139116,-0.0026174669793064265,-0.02500958405632192,-0.04192796935331666,-0.04142814176817511,-0.024339268864128183,-0.023871373782910377,0.004782899675551899,0.016836157361407977,-0.018387945694007368,1.9999999266404373e-05
2022-01-19,-0.0210247115359653,0.0038911032137534107,-0.022062234720031437,-0.004684875638355623,-0.015468945532753131,0.004526174662994986,0.0022468423697536988,-0.008799745116987445,-0.0010984297610745486,0.0004103199527949464,-0.009689541868338813,2.5384616393309373e-05
2022-01-20,-0.010347168283716957,-0.01485769758558153,-0.023554071778077446,-0.015816152121761684,-0.00852751142729491,-0.009480893688841752,-0.005703383565887621,-0.01187154399909418,-0.009530936549904445,0.002188513218579713,-0.01103737849414832,2.5846153497695924e-05
2022-01-21,-0.01276516766590996,-0.018142245425312842,-0.019847333896984343,-0.0255755712166732,-0.017472518425761807,-0.04229840862435863,-0.018468177207629832,0.006163601023143395,-0.015173949507814477,-0.015012894503810714,-0.018914821867908604,2.430769342642564e-05
2022-01-24,-0.0048641367967416915,-0.008236785385319578,0.006334353700207407,0.002152313666816452,-0.0008962177823543804,0.018273502595810953,0.0011485438123943759,0.018586038422296003,-0.01014644516769203,0.008590888218437343,0.002771738943381896,2.3846154029552752e-05
2022-01-25,-0.011384815973035423,0.019753024743305536,-0.05984911869234166,-0.027893241373918465,0.010900540717933005,-0.02772828154426399,-0.02658827200614311,-0.011111255735935077,0.005315126368169221,0.029399651675490857,-0.012171906253646725,2.8461538828336276e-05
2022-01-26,-0.0005631498578620997,0.010345740178550944,-0.019646893949375688,0.019761700872439114,0.009485979359881602,-0.01839076836888298,0.02849318744233109,-0.014740594381891348,-0.0842143997151501,-0.010143046242093612,-0.0014966358477518371,2.7384615861452544e-05
2022-01-27,-0.002943290764118589,-0.009368301815620761,0.006493636579579354,-0.0009207930272390197,-0.01764477213463167,3.397401981852788e-05,0.010549012094314802,-0.002720341297285156,-0.005360905661066173,0.01280861772269759,-0.00538408875771057,2.8461538828336276e-05
2022-01-28,0.06977754979813389,0.008797068816600584,0.02447153770912336,0.03228369309935131,0.008946562788189949,0.02399530428708574,0.028081770959393904,0.019827942334597726,0.04519058717734614,0.0021297380774920605,0.024347646888076113,2.6615383533331066e-05
2022-01-31,0.026125707435511014,0.0058859764728431685,0.025841478116236827,0.01807341532210649,0.013573430925938768,0.03828185554891239,0.008823706365145734,0.011418582926421283,0.011503454778625688,0.009033176499704032,0.018885951732779516,2.6615383533331066e-05
2022-02-01,-0.0009725831894167314,0.017338741413691183,0.036727266029513705,0.016064972348902362,0.01715984732211462,0.01832340565484092,-0.007138798886266784,0.004475309849464981,-0.0423529929981451,0.06411273287153185,0.00686300355780145,3.123076833211459e-05
2022-02-02,0.007044388785294231,-0.0010652178938382884,0.0009189307360097931,0.07367359801151063,-0.008005116705261717,0.012539184952978122,0.015222093707106366,-0.01042940602472442,0.004913923076609317,-0.002597954781869971,0.00942251544733641,2.8461538828336276e-05
2022-02-03,-0.016719813335109746,-0.009810184633086805,0.002856048057822136,-0.0363829300371481,-0.008270053158760282,-0.2639009457992696,-0.03895236436815952,-0.01831582121703068,0.0008149824185215149,-0.011659744335178912,-0.024391082077444004,2.9692308260844303e-05
2022-02-04,-0.0016793652375585166,0.03984487800950376,0.0070178887615481855,0.0025622696013785085,0.025958250162773533,-0.0028179600623520207,0.015568629990416305,-0.009797865042041165,-0.019543988251460864,0.021711810427116562,0.0051569298644233985,3.4307693059627824e-05
2022-02-07,-0.004234451192016486,0.004763872981651485,0.008988944124024956,-0.028514311302285766,0.0033430544651784633,-0.051372866269831285,-0.016310432342984127,0.0020001175459347653,-0.006229075375752791,0.012037747337106941,-0.0037017126347429485,3.123076833211459e-05
2022-02-08,0.01846674416777838,0.01793440162345661,-0.005905911866001423,0.001979256139268859,0.018814989127333925,-0.021030682981243443,0.011995336658294997,-0.0028364672169077787,0.00041793632407727266,-0.025852487955918213,0.008401207191663262,4.230769322468684e-05
2022-02-09,0.008293651398098678,-0.0020250050023638,-0.000604197903275816,0.01609049107778482,0.004168031206797762,0.05368338503682257,0.021834752164702653,0.02328276325365275,0.023391767586266266,-0.004787087674892443,0.014517207887505545,4.15384631890517e-05
2022-02-10,-0.02359891227570443,-0.004667283570886971,-0.00463481927295506,-0.020151637536967693,-0.0041507308311624636,-0.016939623602505338,-0.028373051938733518,-0.013762381435964421,-0.010203967558422677,-0.009620228225754146,-0.01811572566845976,5.692307765667255e-05
2022-02-11,-0.020218397290035606,-0.02303763607544651,-0.019839862326265778,-0.032268455619245184,-0.013017123102562755,-0.037356969346474034,-0.024274144912552753,-0.016577475156513977,-0.004948598509351032,0.02517886258725288,-0.01896945434456343,5.199999992664044e-05
2022-02-14,0.0014233064816171481,-0.010434085975572605,-0.002375529648378727,0.008722866818408948,-0.009290335426198726,-0.008426354260079427,-0.00013549580005067785,-0.0008535884854878883,-0.0033154343979213685,-0.015334725722740528,-0.0038405967262932217,5.538461758540227e-05
2022-02-15,0.02315234732367455,0.007802621974949409,0.0447206233260784,0.008318577344070821,0.0146239462281339,0.015158489196223535,0.018542206143217443,0.009183136093428024,0.012058184172422548,-0.012534891243959456,0.01576672117072042,6.153846245545607e-05
2022-02-16,-0.001388943949149568,-0.002301781380074419,0.004855451437643321,0.007784442121505641,0.0018095676132057203,-0.020181025854602685,-0.0011672850934627554,0.007089209384537831,-0.01643369468343303,0.00461593777271796,0.0008812077558950637,5.73846147610591e-05
2022-02-17,-0.02126904324944845,-0.03376674742913788,-0.029089956160161856,-0.0376688843679307,-0.023032272837830492,-0.040777624669997126,-0.029281953964168994,-0.022378754422417435,-0.0075189021291171,-0.0015314394515014706,-0.021173138152195015,5.3076922893524174e-05
2022-02-18,-0.009355879541000034,-0.0023878032064368337,-0.05860239212185481,-0.01391447554310532,0.00468875200188279,-0.007462341734421285,-0.009631001797708927,0.003116627471725808,0.004629727201117317,-0.011121275848829826,-0.0071661613961429005,4.89230751991272e-05
2022-02-22,-0.017812240504028853,-0.008703108153205519,0.0157514098932674,-0.008162971248554696,-0.0017747563849597192,-0.01979046254646799,-0.0007292151381365075,-0.00246401453283307,-0.005027378442820085,-0.011633979171302045,-0.010142945264832837,5.0769232786618745e-05
2022-02-23,-0.025864102430070535,-0.017120249849950087,-0.015931955210035542,-0.014045302871686483,-0.02093904198772234,-0.017963206897866568,-0.025893335344154278,-0.037160416213611436,-0.010105211903203237,0.004054511578610809,-0.018412122845487655,5.230769285788903e-05
2022-02-24,0.016680003219621042,-0.02635116641145363,-0.0011873386762335514,0.03988316325337693,-0.027842948939300394,0.04610737866456027,0.051093487991757724,0.015170262096534604,-0.011909744969039737,-0.012635088527301885,0.014956856067329216,4.353846036470853e-05
2022-02-25,0.012965620178978954,0.032568823255532564,0.041387288076259354,0.013913919555049059,0.02365952747558575,0.013872781981458138,0.009233227642635233,0.017250777806669726,0.029272240843462694,0.026912739249508988,0.022372677655603468,4.584615505658664e-05
2022-02-28,0.001637834155752138,-0.018214050187774666,-0.008923724548587808,0.002761724027237289,-0.041697559653145366,0.002613089428554316,0.004978126162982877,-0.00853315613671013,-0.009200903636623625,0.00745123004940762,-0.002442603440647617,4.4307690400343674e-05
2022-03-01,-0.011627879876626834,-0.039140273702731654,-0.03329510521961465,-0.005359936300206258,-0.037729451401174674,-0.035729485522190685,-0.012851917216885056,-0.01797581703745943,-0.006754141765622723,0.009563850878558933,-0.015473503680411893,4.815384516349205e-05
2022-03-02,0.02058804526472402,0.01624684045180258,0.01982036931775233,0.0043489960119798,0.020740390636557304,0.022703793761225777,0.017765632704310974,0.029176828787881526,0.012324899803752176,0.017178478408575115,0.018642691757321028,4.9999998166010926e-05
2022-03-03,-0.001981174178175893,-0.010710215026433989,-0.018160565009741947,-0.0032912191654151934,-0.007108055535968827,-0.024698473761826323,-0.014224253163559908,-0.013366386448404266,0.0037781001205243747,0.006332898667831044,-0.005254666430088317,5.153846282225389e-05
2022-03-04,-0.01840823993968277,-0.03624374857919621,-0.03580324808871993,-0.01627605697744683,-0.028129164217991276,-0.014337112108232852,-0.020478566021364886,-0.01638815824071993,-0.0016726811913155837,0.03763575691043575,-0.007934042550334475,4.6923078023470366e-05
2022-03-07,-0.023717456162073547,-0.06373644521237554,-0.04132040439477436,-0.04282022560539067,-0.03861600015518951,-0.06293110312671701,-0.03777689890312452,-0.061868146922496536,-0.012568330204743794,0.03603291294265665,-0.029518158313449172,4.6923078023470366e-05
2022-03-08,-0.011676133379625697,0.006520608007611228,0.03244334902486212,0.006436612551132148,-0.007042882935521799,0.015042364362657601,-0.010971278265439421,-0.005446340873445643,-0.02418323714830317,0.00757570933859486,-0.00723375351819977,5.538461758540227e-05
2022-03-09,0.03499746379603064,0.06348801910431967,0.03516724580610964,0.05175653169688643,0.04006233932156422,0.04314471072329096,0.04585832442670923,0.04285695900221698,0.011304581861703689,-0.05684667337808591,0.02569824789143582,5.692307765667255e-05
2022-03-10,-0.02718633222474487,-0.009015620981899564,0.0008766853371362515,-0.008844594611538414,-0.01184059620655975,-0.016574273481777424,-0.01008671286060181,-0.00502258618914464,-0.0030095267683445392,0.031042302145307232,-0.004291813651667864,5.538461758540227e-05
2022-03-11,-0.023908812197733886,-0.008359845956274703,0.010401842179984744,-0.016630080474289488,-0.02252387406558154,-0.0389324616675798,-0.019328432499821746,-0.05082614669363872,0.0,-0.005154512951315415,-0.012961545123475138,5.6153847621037414e-05
2022-03-14,-0.026562426941163952,0.021571864751338987,0.001842269106689498,-0.028622210537862847,0.009930942564652767,-0.005223579363311304,-0.01296082567371759,-0.04158117209151846,-0.01293663314092286,-0.03579849846969929,-0.007421002465963666,5.815384479669424e-05
2022-03-15,0.029677575356707786,0.007281613994013725,-0.0010817386869534928,0.02303524470816498,0.017746121749078192,0.028934221482098232,0.03874245443890101,0.048303793084402136,0.008737354627964988,-0.05691254797949774,0.021408574170870942,6.892307905050425e-05
2022-03-16,0.02901525018959883,0.031325370080806936,0.025446738979094663,0.031081158528971864,0.04468582214013028,0.06040726020546239,0.025213433440206767,0.051612191519282424,0.004330987025071398,-0.003755475563953836,0.02238376135718223,6.661538435862616e-05
2022-03-17,0.006453981334459513,0.005373737697403902,0.008764560708251379,0.006806679327300946,0.01264448077989,0.02067471077015859,0.0028191062124416355,0.0028600247156833625,0.0,0.026647743262874224,0.01234781757145198,5.538461758540227e-05
2022-03-18,0.020919134721412602,-0.003021035698886232,0.0006279527506427574,0.016352124398804735,-0.0003566489696497088,0.041618597515806766,0.017648011599070923,0.022130897703436236,0.0012935201529962193,-0.003925144069206188,0.011662294827948783,5.8923074832329384e-05
2022-03-21,0.008537704738289964,-0.001398612833285573,-0.008055296684605584,-0.0023610709723345114,-0.0032121276055510073,-0.023095754414204972,-0.004227243872845232,-0.03058035755568156,-0.0025839365338385933,0.044871017298284244,-0.00043466036210393355,7.000000201738797e-05
2022-03-22,0.020800476856381644,0.031279158453735745,0.0008437815835371509,0.027835856647647095,0.021267557125262737,0.024398261238340657,0.0163790606248706,0.011858213454201572,0.002158918526717679,-0.004379623152890533,0.0113041136006502,7.999999706561749e-05
2022-03-23,0.008233664655512785,-0.02467177665960818,-0.012644914661524176,-0.012646376799613113,-0.01991299092327392,-0.014724150807691072,-0.015029946092961155,-0.019000979080185387,0.0,0.015762422292522338,-0.012272698789159042,7.384615219556369e-05
2022-03-24,0.02267788201098453,-0.0004642400702835614,0.004482462593116798,0.020277482616711584,0.0065102518759041494,0.028623631678892147,0.01539301624806333,0.010438322985891313,0.005170099294418584,0.0030073586818490927,0.01434391292056647,7.43076938849229e-05
2022-03-25,0.003734006117668276,0.015324018233454417,-0.001062440726922409,0.0014825575964987348,0.008742503165402704,0.010247301202106485,-0.0013812877241056176,0.00378789765792531,0.021860319173965248,0.021827814952658287,0.005066170567449069,7.999999706561749e-05
2022-03-28,0.005036714387220531,-0.0041162009614472694,-0.021484859632173836,0.0030277895271173527,-0.007398472879460383,0.00797939299986039,0.023116594894314613,0.010634578102180603,0.0012585424511764032,-0.028051616446266858,0.007144955276586762,7.815384864807129e-05
2022-03-29,0.01913448409589935,-0.0025259887996458286,0.02880431625917379,0.009158175975388039,0.00220048933069239,0.028042418601705643,0.015159186852136575,0.03224730136338061,0.005027146638207247,-0.005313431386825829,0.012256547427530462,8.538461648500882e-05
2022-03-30,-0.006649547996400829,-0.01012863509915074,-0.00073944032514206,-0.004226870977857788,-0.004533161004029673,-0.008744429224305073,-0.004914118710506954,-0.0021924056286881655,0.00625255871936603,0.017117797600160634,-0.0062937001746978805,8.076922710125262e-05
2022-03-31,-0.017775927047755435,-0.041395407748505586,-0.0325651622608244,-0.020996218584028226,-0.030026973197518902,-0.024094822673254024,-0.017683131505052185,-0.0006590714954308741,-0.021126925208594383,-0.014203609312365972,-0.015652540713177343,7.584615395619319e-05
2022-04-01,-0.0017181053606138974,-0.007763189218594757,0.010819769348016095,0.007522341940129351,-0.007409064860909753,0.011198081877717536,0.0036004111772760528,0.005716182657269364,0.014811846198732548,0.006417125208894259,0.0034102225843584133,7.692307692307693e-05
2022-04-04,0.023693417945534367,-0.0017116498275101533,-0.005081792549777142,0.020913325846730002,0.004434292571815268,0.04020454988100375,0.01793657338140142,-0.03716265197980961,0.00834026038004243,0.00048118494331195194,0.008090938687879357,8.276922886188214e-05
2022-04-05,-0.01894183290028051,-0.01689923688244821,-0.020864923847046968,-0.017957764993883907,-0.011637353500368097,-0.008764817038383166,-0.012985383361631242,-0.04506738972328106,-0.011993241194571236,-0.005170709495859183,-0.012551720801807331,0.0001027692281282865
2022-04-06,-0.018450928833513403,-0.010961625425779276,-0.00210881222511472,-0.02755512479846567,-0.01387430234651621,-0.03683572041506755,-0.03660575646185538,-0.009034782124164864,0.005860094485526268,0.01112049512615898,-0.009716916613271898,0.00010199999809265137
2022-04-07,0.0018040422083884788,-0.007808578159189894,-0.005005069856515609,-0.005183111927230866,-0.0030423345829057036,-0.001567425430954894,0.006243887558355032,-0.0028790413570399798,-0.012484417073039267,0.016736400869390877,0.004253385628492534,0.00010153846557323749
2022-04-08,-0.011908862572396539,0.007108160963573251,0.0031299043723902464,-0.017986284812101072,0.018308258355479667,-0.0027808707139450606,-0.014599986895894035,-0.019249407534177365,0.017277711964917897,0.021046443624318067,-0.002651026482054286,0.0001027692281282865
2022-04-11,-0.02551586820714058,-0.0020165548433576097,-0.0007798978350255226,-0.031445331358499695,-0.003670726922156975,-0.026402172756009867,-0.03943153063393934,-0.010304183963321223,0.07664126081250133,-0.0344310845064425,-0.01687729010355421,0.00010461538571577806
2022-04-12,0.011523411942590212,-0.010608728215818597,0.0036801568505964166,-0.010955589258509812,-0.010977424741877462,-0.01071794905414336,-0.011217889775124723,-0.01103106763736017,-0.003565891390350573,0.02087055218270839,-0.003417447717741773,0.00011353845779712383
2022-04-13,0.016342643446287886,-0.00893533300366578,0.008333404276358314,0.014890021586442481,-0.032233557865493645,0.003969394349203181,0.019711985231565032,0.014162064654967832,0.00715677080963073,0.01413547166763407,0.011174577597236057,0.0001138461553133451
2022-04-14,-0.029988401791430475,-0.03219990794370309,0.0008814072641682991,-0.023279533000414743,-0.009269327218887513,-0.022373192680976817,-0.027084183423120023,-0.017548114429257966,0.00617950420772484,0.011749994073002812,-0.01214413784439794,0.00011507692703833948
2022-04-18,-0.0013308999467025462,0.0340698072411163,-0.004734081428147241,0.00556372103034275,0.01855366992659957,0.0028071729814447277,0.0024657579396376583,0.0012577955881667435,-0.004094438584369975,0.008197676414254618,-0.0002048682840329885,0.00011615384542025053
2022-04-19,0.014115187163661114,0.018532766990660532,0.016593062068978925,0.020084301886036382,0.020706742706170678,0.031029051352480908,0.01703966787194644,0.020351841463062792,0.00154162112406242,-0.008921616300863522,0.016057604355527166,0.00012815384681408223
2022-04-20,-0.0010154556525053815,0.002274419232322522,-0.0054407421179945015,-0.017509305065883662,0.0035083976133911676,-0.07772306649211735,0.003715268617132006,-0.012927948527597932,-0.003078390684525756,0.0022789030302348134,-0.0006184750715809706,0.00012230769487527702
2022-04-21,-0.004843758370629669,-0.018910748216202422,0.0035009861032044842,-0.02579426718179134,-0.0077520404107391805,-0.061620551629364195,-0.019380975190933736,-0.015092904054509582,0.040144031863842855,-0.010573074319624731,-0.014752948498371943,0.00012307692491091214
2022-04-22,-0.0278211893234237,-0.03469548422918267,-0.028892142477180194,-0.04260931735398954,-0.028722402984242446,-0.021056024669794504,-0.024144440992238225,-0.01317125469302649,-0.03414155454848533,-0.021831684389316153,-0.027740054250753654,0.00011999999559842623
2022-04-25,0.006737374546571306,-0.007188400602637479,0.00909380050258024,0.030397793194381517,-0.0003154551421723495,0.01564284869515431,0.024413380651856276,0.0007701624582006072,-0.0005122238302058824,-0.0337129509694708,0.005697936985382235,0.00012276922739469086
2022-04-26,-0.03732825695021791,-0.022526013869836548,-0.10336003077573763,-0.03037730868883115,-0.029581106947551006,-0.03230123732544987,-0.037403826488846215,-0.030135967444315015,-0.010763691219274008,0.0003646372436043599,-0.028146308431003852,0.00012815384681408223
2022-04-27,-0.0014666749653897693,-0.00548701264650997,-0.02953220708032389,-0.037533652240918425,-0.01300604388108828,-0.03315833158989334,0.048108822250996,-0.011768054483059176,-0.01191704082299161,0.028557561300914136,0.0020980468517017847,0.0001243076966359065
2022-04-28,0.04515548845651596,0.015448074836794223,-0.006137259722639565,0.03817579330068854,0.015812903062141226,0.17593597780057646,0.022632573377467047,0.02461889017508012,0.01835325566893542,0.03024573789376417,0.02474690007293945,0.00012076923480400672
2022-04-29,-0.03660488028070508,-0.030698059838594638,-0.04091091324796703,-0.03722421819653876,-0.03226842503879379,-0.025567465202313344,-0.041811888763507055,-0.025333015550051075,-0.028836059903398215,-0.022362299416801235,-0.036284507106413955,0.0001243076966359065
2022-05-02,0.0019665040118537203,0.012892371604795727,0.013413865586356266,0.019053362195447843,0.009131976082951354,0.05317505660297517,0.02504315641665289,0.009780336502948517,0.013785727025326544,0.013606934361121148,0.005675242812353654,0.0001176923054915208
2022-05-03,0.009622609976061458,0.027393421260679673,0.027928510491792125,0.008300858517731324,0.021419595663288327,0.004262747481031504,-0.009456056439102856,-0.013798622776082348,0.010983135354562634,0.02059955008669756,0.004837126381486367,0.0001376923047579252
2022-05-04,0.04100832312701175,0.04012923412647029,0.035668276534711385,0.0376323911887968,0.03308145981121058,0.05367167357604896,0.029100733663692147,0.0983451300226168,0.03207461738153117,0.03980034828654877,0.02986242108440229,0.00012815384681408223
2022-05-05,-0.05571616552646985,-0.027964710098549506,-0.022877127092484018,-0.047550471021371,-0.025019743569692388,-0.0677230412013935,-0.0435548098648898,-0.05095533397906027,0.0,-0.015158113046464416,-0.035649708609806985,0.00012353845743032603
2022-05-06,0.004727151186162182,-0.0023975148485197995,-0.0045806576843770985,-0.009306441421450762,-0.0016138679896727792,-0.021653517060055916,-0.009446723625613607,-0.01239033643789389,0.004009983192701183,0.015280765766170878,-0.0056742248424840325,0.00012538461501781758
2022-05-09,-0.03318914896758862,-0.028838479030363406,-0.06723757742362135,-0.02227221119451006,-0.015034029620820344,-0.03710063993759005,-0.03694523149660123,-0.03959751773799303,-0.023964216059066734,-0.0788527335853969,-0.03203710063235676,0.00012307692491091214
2022-05-10,0.016111869399578094,-0.01677193302582536,0.004659440381192814,0.01326892880423669,-0.024372169949693823,0.007339009904408833,0.01859556940976903,-0.022179735064679074,-0.009718478427047206,0.0066303766570230405,0.0024578974498534745,0.00013507692630474385
2022-05-11,-0.0518412428774907,-0.005313187332723124,-0.011867382401956283,-0.005441439473940046,-0.00630832002601478,-0.04507962903346585,-0.033209798578747396,-0.02504881636109635,0.0036157312772087113,0.020818796839267018,-0.01646320750393837,0.00013584615634037897
2022-05-12,-0.02689419958508732,-0.014057014691417291,0.011595649890523196,-0.0070199053417076,-0.0008464803666213827,0.013245734487861593,-0.01995755533859933,0.0047434980062441845,0.014925309841841594,0.00453955060422051,-0.0012959645058717717,0.00013923076482919545
2022-05-13,0.0319164879571916,0.002851576221791774,0.024154061606814548,0.029643602695452742,0.00889527113548283,0.03859019772035732,0.02259644698183272,0.08154499750240563,0.0060851816801101855,0.02966378839029926,0.02386969542307149,0.00014507692593794603
2022-05-16,-0.010672301833170472,-0.010236080890923427,-0.005596293351395443,-0.014787728065626338,-0.006969468221662001,0.007149321336492376,0.0014551536048150737,-0.04206358345495598,0.022177552484115903,0.023520229691947003,-0.003946400929555671,0.00015076923370361327
2022-05-17,0.025422584097279488,0.03389847394374068,0.023716998894712127,0.016629976054232776,0.03314732615605687,0.012897430102211116,0.02034432425273569,0.017950845595678055,0.014299639736105041,0.01275434112472662,0.020169632234863677,0.00015969230578495906
2022-05-18,-0.05641919512028826,-0.03084187837836061,-0.015706773634924898,-0.03685041721530158,-0.017105980277214772,-0.05122885141725553,-0.04552967841616129,-0.03309811727951528,-0.0165289297578316,-0.015850572211142944,-0.04039526078745259,0.00015430769553551307
2022-05-19,-0.024641253716042644,-0.012327912460986301,0.007180760791240859,-0.014728537156721067,-0.014822253926588425,-0.004941802850005783,-0.0036996730292584434,0.009118913258415295,-0.0009885950607106953,0.0054053147711619065,-0.005833781800992588,0.00015384615384615385
2022-05-20,0.0017472269640328442,-0.017126350879934416,-0.006469497028656179,-0.012935018890666394,-0.008198800324819788,0.011762246217628558,-0.0022912564609309793,0.02029750589619428,0.009401201614587462,0.007899923590530822,0.00014614176965843662,0.00015046153618739202
2022-05-23,0.0401192561638084,0.05936192264695661,0.002790742603305141,0.021529851532753552,0.06187148814949506,0.013898948717174564,0.03203193216859357,0.00040882026791866366,0.016666873663419457,0.02209881190254559,0.018555039930923556,0.00015276922629429746
2022-05-24,-0.019216133329123086,-0.006133090132353192,-0.012456873569394844,-0.051407485376648854,0.014125257400913416,-0.07618609424524436,-0.00395162473058186,-0.009534245277088571,0.02025058503676469,0.005432036735346646,-0.008120797617175213,0.00016046153582059417
2022-05-25,0.0011399848878084207,0.005329360209256784,0.00013418803289244607,-0.0008166273922526335,0.006964225367987131,0.01406665417546904,0.01117022029426562,-0.0033002642431110285,0.006616310179038409,0.02012699594501166,0.009450764734207695,0.00016076922416687013
2022-05-26,0.02319956771467413,0.023158620695721943,0.03327515564481187,0.023209644626690284,0.017290213303530422,0.042430522624518296,0.01287512203154595,0.02773171992902368,0.0009389331750166985,0.0035307297692679374,0.019883256167224195,0.00015815384571368877
2022-05-27,0.04075665238396042,0.009544504121253405,0.022724324506346427,0.04158053926666194,0.014137778405531876,0.01826436315200408,0.027604457041237263,0.029802695144458546,-0.0014071269181331614,0.009830197151542652,0.02474226295510973,0.00015769230402432955
2022-05-31,-0.005346132469082887,0.004862277001924875,-0.005967562168913476,0.010992985967809732,0.0073130298507082525,-0.007635962977907473,-0.005013970386735345,0.023334596569649424,0.0,-0.016292617866470405,-0.006274368617659065,0.0001584615340599647
2022-06-01,-0.0008734533586439719,-0.014247270648563015,-0.009835177219948865,0.0008593513753636373,-0.0175450645961851,-0.025821111422020038,0.0020230090590191985,-0.028280290050776036,-0.0032878581648445593,0.019166686768655516,-0.007482768681131846,0.0001696923145881066
2022-06-02,0.016811466815725318,0.006582635280887539,0.006191950268244373,0.03161990526174008,0.01608812874902843,0.054177275518290546,0.007928915531824288,0.041164100767217215,-0.001413660877869538,-0.0017376593166160692,0.018431018038486124,0.00017123077465937687
2022-06-03,-0.03855576881908318,-0.013896583529669049,-0.013205163208424908,-0.027024265343735476,-0.013939429295186101,-0.040631609203736874,-0.016607195008001674,-0.004658667140511885,-0.01368583576705451,0.014538752951927636,-0.016347313992415624,0.00017461538314819336
2022-06-06,0.00522757899994275,-0.001105236893474415,0.0003898140920506332,0.021354832166177617,-0.0033036646366261246,0.018188495874336352,-0.004703256521138566,-0.0008854812887683083,0.0019138063714436715,-0.00252293347735566,0.003137400778913113,0.00017846153332636908
2022-06-07,0.017585878960535428,0.005532515751172751,0.012986996419496188,0.0018716420635334075,0.002620985039010426,0.007207175786277276,0.013953550361497147,0.006204060850652615,0.00955114704461768,0.04583168281756733,0.009523393173235029,0.0001884615421295166
2022-06-08,-0.005043233325174756,-0.012654816612037934,-0.010769277655565457,7.250005775927271e-05,-0.015914653435216475,0.005060084457185532,-0.0076699327260509875,-0.01258324501160979,-0.0042573243283693385,0.011802128563406677,-0.010793945785935621,0.00018969231385451097
2022-06-09,-0.03595570025859762,-0.03845071317476367,-0.030844878550053134,-0.019788803249433107,-0.021015719460456994,-0.06427989945525714,-0.020783056931594657,0.005607092511184852,-0.008076157842594966,-0.021607998410702156,-0.02379869397635359,0.00019046154389014611
2022-06-10,-0.038628729457515054,-0.038829363624039104,-0.0474726345501747,-0.030373844185028087,-0.045965880456477315,-0.0458151775857677,-0.04456372728739921,-0.04105950966155181,-0.009099437175981051,-0.018274319948667572,-0.029110303335524668,0.0001981538442464975
2022-06-13,-0.03828478427539583,-0.03466989994562508,-0.04927699158111698,-0.040842655182035004,-0.029778409033182518,-0.06441882067303795,-0.042412708928499576,-0.04374250862979956,-0.04494936642824343,-0.04588879644541788,-0.038768430665237275,0.00023046154242295486
2022-06-14,0.00667249417249427,-0.017489096045598784,0.004872929173723506,0.0029706927578414533,-0.01663927481554217,-0.0032265846646842844,0.009205029719855151,-0.0006909937770492869,-0.01568816235612447,0.002608215409451109,-0.0037736797459957394,0.0002681538508488582
2022-06-15,0.02011149382037103,0.01875390348240602,0.015430007278747881,0.029819791016910013,0.01183587050936552,0.03432486729755224,0.029735341142011373,0.025999266374769903,-0.0005140672697372395,-0.012591038674983901,0.014592504858983224,0.0002607692388387827
2022-06-16,-0.039651420424430595,-0.006240080719250307,-0.05513762906389663,-0.03401109011311276,-0.0171561812865747,-0.050073874701514365,-0.026970184754770976,-0.04367183597079449,-0.02469152285194476,-0.03688477330466067,-0.03251195148816344,0.00022815385231604945
2022-06-17,0.011533173844020528,0.0021977823245129535,0.010874602022108437,0.011529875451044669,-0.0035265162697201147,0.01784055736363932,0.010940085939046051,0.012967025976461377,0.022152077513693413,-0.05766495402155225,0.002200865698254617,0.00023230769084050105
2022-06-21,0.032760731752340844,0.029135303445969374,-0.0037879112038364804,0.038469185530465966,0.024772203607630106,-0.040857470483507186,0.024591215055103532,0.015166278474045836,0.02992752617299388,0.062238783213746096,0.024477242280086964,0.00022892308235168457
2022-06-22,-0.0038272158704283354,-0.0076104265097577395,-0.01840299972114967,0.00016959507643021787,-0.005611611664163574,-0.007640859120815913,-0.0024039394695720695,0.0046601378269244265,0.018036041742712117,-0.039571414715068864,-0.0013015723144006452,0.00023769230108994704
2022-06-23,0.02157373462851675,-0.015950752341364782,-0.007282233857616061,0.005806318490491957,-0.01093952743866089,0.01860759565551895,0.022636565170514933,0.02592081726751716,0.014271900237402102,-0.03016185168163843,0.009532217409177868,0.00023999999119685245
2022-06-24,0.024517195775282996,0.007169493495239765,0.04697987451795904,0.05194592229283268,0.029845555166629012,0.07187403881643695,0.03414969770206322,0.038696817170845055,0.018437583298044347,0.019833394925117265,0.03056329358583576,0.00024584616147554835
2022-06-27,0.0,0.0012379610170829558,-0.004328407811181045,-0.016159412365813197,-0.008012340773597693,-0.003937459770368523,-0.010496723169472144,-0.00550503057832008,-0.010004745846010854,0.02451097599671792,-0.0029730715337762392,0.00025123077172499437
2022-06-28,-0.02978957772211055,-0.002782150005602002,-0.012441987494183349,-0.03473596396794332,-0.0048116909786473094,-0.05197954175379471,-0.03174909120369107,-0.01725028221728009,-0.008180895034266444,0.027743334956555454,-0.020143036075892073,0.00026738462081322305
2022-06-29,0.01302388084271855,-0.012399163348285502,-0.03324225092102551,-0.002798243195581751,-0.004489772697674588,0.020288834417630408,0.014738047025925738,0.0011788614589900437,0.01649684817940389,-0.036939709372216356,-0.0007117454091590814,0.00026230769891005297
2022-06-30,-0.018027675304453927,-0.02291275736081999,-0.00031402201897445803,-0.025691186517258324,-0.023330478494137608,-0.01640845676068403,-0.013179183194009902,-0.0005233784597314939,0.00047716218971927127,-0.028143530824174534,-0.008759278267998716,0.0002461538498218243
2022-07-01,0.01616434432099534,0.013813035268490426,-0.0020417457650533377,-0.0026651697946213915,0.012787567285732493,-0.007565899043120106,0.010707202434156349,0.037570453318967134,0.016698509807821837,0.02230275110689539,0.010553814029047315,0.0002466153915111835
2022-07-05,0.01893033772904107,-0.010139414937867297,-0.0237645925459381,0.044058999270150334,-0.0038036615941897667,0.0509904625654789,0.01259747600837624,0.0032802447113962074,-0.006569641730511222,-0.031296498723918265,0.0015841285142366157,0.00025076923003563515
2022-07-06,0.009607187844301368,-0.00832260668145246,-0.007415710646040741,0.011647509609344464,-0.006481935329475164,0.009394148332955377,0.012782953055281654,-0.0082997323979761,-0.0037787958527822907,-0.018040254536477396,0.0035731642904301975,0.00028307692821209247
2022-07-07,0.02399956723043939,0.028405383823473906,0.02322570796317036,0.03552100009641568,0.02529269448984728,0.01425456858127605,0.008226619263709267,0.004818636153572697,0.0028448469855775205,0.031940344032033385,0.014964587965241805,0.000285076929972722
2022-07-08,0.0047147453553335605,-0.0021970311669360365,0.003968148910431291,0.007229335100688905,-0.003138151943349432,-0.007607860735349692,-0.002757259044987692,0.0005047195829814832,-0.0034496732890589854,0.001629082544935656,-0.000830271529819071,0.0002835384699014517
2022-07-11,-0.014757958566199547,-0.010380731380579933,-0.021185913213608187,-0.03034076016559495,-0.013116451547778407,-0.04681647806299105,-0.011768430041157685,-0.017406512381827777,-0.006730798080064604,-0.005111527557328466,-0.011527461422777274,0.00030046153068542477
2022-07-12,0.0068337613209470405,-0.003178584432951048,0.017929507770528375,-0.014357712322864424,0.0009747408256179924,0.002394396966828527,-0.040981524448925,-0.0017971064232824574,-0.002904062716341138,-0.013311549772376585,-0.009243878717321574,0.00032507691016564006
2022-07-13,-0.002536586126641094,-0.0165815816541236,-0.01602682237284936,-0.02318256539286334,-0.009383018717835423,0.0013474687018197873,-0.0037450309094534395,0.0020574039586762627,-0.007281450167966996,0.004023684219943924,-0.0044569025122100925,0.0003573846083420974
2022-07-14,0.02048248076822512,-0.02302214954159809,-0.014836363084035131,-0.006658472390971726,-0.0349388804271602,-0.033274220188546644,0.005381562106364424,0.0035934919320907976,-0.005868065785795795,-0.02003779533881256,-0.00299863390215227,0.00034969230798574593
2022-07-15,0.011449964806051316,0.0703617679264863,0.028973697191804426,0.011907715546821684,0.04583325318565179,0.04207525319886685,0.010390329298000323,0.01815854030262254,0.011805106503732565,0.01683918358095604,0.01920124935943668,0.0003446153860825759
2022-07-18,-0.02064303428990788,0.0003100053168068051,0.013044902317946638,-0.025335378898117544,-0.01026995808052411,0.015361255775201643,-0.009621409509490753,0.0076614197305178156,-0.0019444466954189332,0.018452652421704796,-0.008363571580831342,0.0003476923062251164
2022-07-19,0.026721817126623693,0.03378800252227143,0.04805275781888918,0.04285323380529005,0.02477865802899526,0.05112720965255524,0.02076694883374497,0.02891700456953883,0.013151377933615427,0.025203256916835226,0.02762829164595959,0.0003769230842590332
2022-07-20,0.013509868250282775,0.00029983901276819935,0.01723106229245075,0.0006979078672422201,-0.00017460816711500904,0.041586059900773575,0.010557680332313968,0.008722001692079262,-0.015384639441356707,0.010989152659726109,0.005895806193263242,0.0003658461570739746
2022-07-21,0.015094133066844817,0.008693194778445212,0.003535141214165316,0.0029642892443892954,0.006809808537082462,0.0004369535892450038,0.009798907533067558,0.0032423521808384592,-0.07617183467661892,-0.016696609857684286,0.00986137270919718,0.00036307690693781927
2022-07-22,-0.008110765902666683,-0.006537880839768251,0.0008806720036451665,-0.05806676157870372,-0.004855989717016618,-0.0758857565946135,-0.016915754327195165,0.0005984255779474257,-0.027484199641918727,-0.007635231944928211,-0.00933246697634671,0.00036230769524207477
2022-07-25,-0.007398232531953708,0.008973760298708777,0.002493077761508866,-0.0013842887138612037,0.004008440366443988,-0.015478290954369811,-0.005876637981714117,-0.02500288487975233,0.007065397878690316,0.033302642839877494,0.0013151670479691902,0.00036815382884098936
2022-07-26,-0.008826329956551193,-0.020159933310200384,0.04607946641957916,-0.0255983427271268,-0.015622395154821445,-0.04500450209832396,-0.02677426757064849,-0.014601143778375958,-0.01241244201791425,-0.0038898020890064666,-0.01154320266205866,0.0003807692160973182
2022-07-27,0.03423473222963569,0.01633898745558815,0.0009789214275266467,0.07738994540757349,0.016046552110152268,0.06553571055336826,0.06685185995572662,0.03299704364285638,0.004918141137043142,0.021644461254619163,0.026156273782937722,0.00036661536876971907
2022-07-28,0.0035717429780262044,-0.008038275011472806,0.021793795828787932,0.008714770044605746,-0.0037313093963867727,-0.052246730243454054,0.028540773666379415,0.02061235689208485,0.010331547775643157,0.011685088524161724,0.012133338697180918,0.00035507693657508264
2022-07-29,0.03279292405941714,0.014705927316712941,0.01052782100698857,0.01788989542955366,0.004790514871027884,-0.010079611155321633,0.015665002706736875,0.0012990583793337507,0.010764403029017267,0.04630838929806558,0.014207760082581844,0.00035353847650381235
2022-08-01,-0.006153266143681169,-0.0029577113681185097,0.02557155247918108,-0.009945096354465388,-0.009968843739501576,0.005216760153520017,-0.009724188396196376,0.0015334270648443837,-0.0026624411674864845,-0.02527587881725546,-0.0028230841271976725,0.00034846155460064226
2022-08-02,-0.009287473131613377,-0.019875254413810772,-0.01899735577424011,0.0036369774570161884,-0.015585270657673345,0.0016257723849966155,-0.011474467585303794,-0.014132514075344327,-0.01975435637199685,-0.004339700242889433,-0.006662395550704803,0.00037892308601966267
2022-08-03,0.03824771529835602,0.018159725174721864,0.005110224215359116,0.02484898374030564,0.010495442561152535,0.05374867644128356,0.027836427855236323,0.04252764086509364,0.0005446250413256859,-0.032422673766825616,0.015638477163140152,0.00037353845743032607
2022-08-04,-0.001926301838174882,-0.0071344490303481,-0.014316243144965934,0.0007577367251232481,-0.011002601889443464,0.010485807111734635,0.004177418111837694,-0.004468845669266419,-0.0054437284970013655,-0.04207860521474227,-0.0007773401640558397,0.0003658461570739746
2022-08-05,-0.0013889281577535995,0.016766551364706395,0.009366087738619466,-0.005468171202659411,0.030259965624403362,-0.020284965499769325,-0.0026089105300227677,-0.01323654976474975,0.004378797651482413,0.014451179113736723,-0.0016257460597355333,0.00037076924397395206
2022-08-08,-0.0029030476941597216,-0.013839875858913109,0.011027534267008088,-0.00067671993087981,-0.012180432237304695,0.018790014829632717,-0.009154853330690549,-0.0001166277115486336,-0.01907370591854507,0.005652943748571726,-0.0012375507238541195,0.00037846154433030345
2022-08-09,0.0003033180932594526,0.012839646920239645,-0.0033253950941695143,-0.005417296368333324,0.009007458491907094,-0.010102797184746715,0.007063386413743045,-0.010266081144328143,0.005555628334630525,0.01843727944112361,-0.004248692893594086,0.0003953846051142766
2022-08-10,0.02619452988643345,0.033903203805975224,0.029494120698678516,0.026808523624501257,0.02608767648828647,0.058209206845368344,0.024300494099582792,0.019448308678483572,-0.00497226077544044,0.009493348138185809,0.021290637641290244,0.00039000001320472127
2022-08-11,-0.004431473775889372,0.02395221824242033,0.022815730934426348,-0.006879418322068176,0.014781693992194533,-0.004766125727153958,-0.0074009125375240625,0.014767455608167834,0.001665740189452869,0.02892794849580449,-0.0007054739583503,0.0003830769245441144
2022-08-12,0.021425444122378234,0.01086051927580689,0.013054445875567477,0.02361877681741409,0.016563965395853808,0.016958670424695343,0.017037230124441693,0.011917111166761973,0.012749362413562615,0.008691867732462333,0.017322368774566943,0.0003846153846153846
2022-08-15,0.006333619627852727,-0.0013773594702044534,-0.0015012569290669964,0.0018752199321458995,0.002702072665052846,0.0021606614384954703,0.005344247701115634,0.009625237311353008,0.00656825210926093,-0.017872411425236878,0.0039695418998517695,0.0003866153863760141
2022-08-16,-0.0009238477870371353,0.010758437991111203,0.015787481869904196,-0.003011028039205166,0.009554084259693951,-0.007850064535002588,-0.00258979177606955,0.0026917791023108872,0.00978781119219696,-0.00931536370836128,0.0018756797165810912,0.00039969231532170223
2022-08-17,0.008784580965543576,-0.006277167917904558,-0.01418528507898642,-0.01787611136412337,-0.008412233828580917,-0.02574243653960895,-0.0026361802286483105,-0.011744907951463879,-0.008077540005387962,0.00809098146785825,-0.007237794954094601,0.00039507693510789136
2022-08-18,-0.0022917121554660858,-0.003570530734673949,-0.008883941839625487,0.004488039535380572,-0.007749395266530734,-0.0010866596212399937,-0.003947693380019435,0.0022636998197700375,0.0005430717955039466,0.023644228485908858,0.002269561170191503,0.00039461539341853214
2022-08-19,-0.015101906558082412,-0.022050658181371197,-0.018810660220520248,-0.022670841055207225,-0.02474511965878201,-0.0383602244804927,-0.013853848513657452,-0.018407717682337177,0.0,-0.0031785001350714825,-0.012900001139847905,0.0003969230651855469
2022-08-22,-0.02302924628994929,-0.021420388740551854,-0.0378280892452485,-0.02582122401657383,-0.016522009479336908,-0.029233171385102064,-0.029355286967748473,-0.022664490830607953,-0.016278126846804075,-0.0007441517114483709,-0.0214000649197158,0.0004073846156780536
2022-08-23,-0.002029017952013601,-0.00892869133774965,0.017651766216384646,-0.002607135244229175,-0.009856844346208593,-0.01189820548970133,-0.0047163223202610904,-0.003060619059503056,-0.0038608527759760314,0.04244228319799159,-0.0022378626777133093,0.00041584616440993086
2022-08-24,0.0017938581286216504,0.003196740697789746,0.008409947877055846,-0.0006099128419592148,0.002423859392041372,0.013344881685428023,-0.0023512789586559446,0.01605865431030784,-0.002768472683506107,0.005918391785279864,0.0029161604463010526,0.00041738462448120115
2022-08-25,0.014922721587627974,0.017960505480809408,0.018243347466449178,0.026155188141406382,0.023747867101480136,0.03381112616802029,0.011095323250305267,0.015572239015845923,0.0044418985916605536,0.005173387924305661,0.014091605518061545,0.00042000000293438246
2022-08-26,-0.03769928803504008,-0.031587883175166476,-0.0367289063845343,-0.054375480564360035,-0.03272885395842817,-0.041474108606633364,-0.0385870473223654,-0.03810519224535114,-0.011055750825450628,-0.01231193469055325,-0.03368805871951874,0.00042384617145244894
2022-08-29,-0.013690268131689942,-0.0038202477737769858,0.010362661207416135,-0.008625397012979041,-0.002441826400780278,-0.01613302404527872,-0.010668085093667012,0.0007139816288994627,-0.006148720333728264,0.022989676649918023,-0.006666355799502699,0.00043046155342688926
2022-08-30,-0.015305368825262233,0.005604859864633216,-0.012097213241733185,-0.003896979246442056,0.00017493646772526183,-0.012627973424379269,-0.008521011749906937,-0.008440331011098423,0.002249793633625874,-0.03805438680043616,-0.011028155571448206,0.00044199998562152574
2022-08-31,-0.010634981916676778,-0.01408042905303275,-0.022494313493963247,-0.006914767636319152,-0.0059434981820587485,0.036714105874400715,-0.005703991423097854,0.007912664391795943,-0.01571274767409314,-0.007475842117546705,-0.007817025105971265,0.0004399999838608962
2022-09-01,0.004706815690934674,0.0023960112800927025,-0.004902042316127009,0.012826399508083952,0.0068583084218425405,0.014914429778474458,-0.004092214951703865,0.01582018220813608,-0.002280577563975039,-0.017993559559236205,0.0029962320243361873,0.0004404615255502554
2022-09-02,-0.01361109402501226,-0.0011951420661745482,-0.008894356243596135,-0.016915447263321393,-0.0069862768286079735,-0.03047891429323879,-0.016666739635100236,-0.028805616827052183,-0.017714237391852405,0.01832326023356834,-0.010736500458081055,0.0004338461435758151
2022-09-06,-0.008215195728082492,-0.011067826520328339,-0.0037277147487844164,-0.011041561877738082,0.00026380087933164376,-0.011102881466853787,-0.010973985264052133,0.019049798464957357,-0.023269230337147118,-0.006695291397500802,-0.004095056983834944,0.00043769231209388144
2022-09-07,0.009253986544694559,0.015426332090557437,0.019678416475688243,0.02791216883420833,0.018990660438678253,0.011669018429796063,0.019111597836890315,0.04484149046173558,0.004764656837619841,-0.008530838181101674,0.018341016392734,0.00045123078272892877
2022-09-08,-0.009617824252183715,0.03217167223515216,0.0025822648566899975,-0.009594543408581013,0.02329597155139962,0.010412109079745324,0.001666035312307912,0.01302228128402838,-0.005927698668760639,0.008179448396036682,0.006610721877456038,0.00045384616118211013
2022-09-09,0.018839621687144037,0.008369253293237122,0.0036600024684185772,0.021568274994007153,0.004806022406872668,0.04374920674256577,0.02297688426207567,-0.008607139049896406,0.015503967585836387,0.016752649016466226,0.015271449816332883,0.0004566153746384841
2022-09-12,0.038507977067619104,0.009444873191366776,0.017288006293245672,0.0008051884797641851,0.011831895484395005,-0.0011231876409848462,0.008280993840432016,0.004284620678592033,0.02055181354680191,0.011502649104844886,0.0105842727693497,0.0004607692131629357
2022-09-13,-0.058679395678731594,-0.03600788208743311,-0.05947954058682681,-0.05863953720327153,-0.03474876942576599,-0.09369082150820873,-0.05497833251790907,-0.013809449247319527,-0.03164551336018617,-0.02335830121915461,-0.0432366134006168,0.00048507694097665643
2022-09-14,0.009555304057300207,-0.0038235493130354126,-0.011434287419783917,0.005317683040270582,-0.002319674701963037,-0.010840485921617682,0.000912731352086471,0.05532793628635524,-0.0035650602355794536,0.02454627617586569,0.0033870120853238816,0.00048123077245859
2022-09-15,-0.01892992646048719,0.018895752932140297,-0.015993125598969038,-0.018607737504443667,0.015070588620367253,-0.012675765190941823,-0.027119177244609882,-0.0051779725286561495,-0.0005963227631653467,-0.02907754215665037,-0.011317739184353415,0.0004761538505554199
2022-09-16,-0.010960095015226434,-0.011301018678766539,-0.03656940926557917,-0.0025986936332593746,-0.006702407051710657,-0.021798794377133834,-0.0026082174483104126,-0.009867776559189578,-0.0011932965081355995,-0.01708318366602002,-0.007182134089448455,0.00047230768203735356
2022-09-19,0.02508293159799546,0.01670564692782306,0.009941212807273114,0.002122949209051317,0.009224553572148686,0.011825901057664012,-0.0008989783398530848,0.00909004416217507,0.0011947221659243112,-0.00010729964834632622,0.006857100716286535,0.0004669230901277982
2022-09-20,0.015665477247489568,-0.01498987773952154,-0.006860426833283362,-0.019451099400543348,-0.019719095885667115,-0.013038831771803872,-0.008465472452876321,-0.014651736190445463,-0.01193314701404491,-0.008154464482626578,-0.011272103097361819,0.000498923081618089
2022-09-21,-0.02026764343974019,-0.029850657851866358,-0.020573757925896996,-0.017872922145712677,-0.02883536636815065,-0.02717503812869526,-0.014436013590753638,-0.024121556069414796,-0.018719754355931317,-0.016118603181142444,-0.017116493600784488,0.0004907692395723783
2022-09-22,-0.00637527543033134,-0.019607944446740744,0.0021466626391042354,0.005599415524768503,-0.011378671550711816,0.004925501203782323,0.008495493355636485,-0.04401816578605766,-0.0006154676015102112,-0.004178098341767633,-0.00842758097968943,0.00048153847914475664
2022-09-23,-0.015123702936085559,-0.023692303564661232,-0.012392975590073463,-0.013920667496541306,-0.01861349859859407,-0.016874412116772763,-0.012698065236038447,-0.006257327451594574,-0.014162532441473918,-0.05321847270261626,-0.017232619015461026,0.00047815385231604943
2022-09-26,0.002260306449475058,-0.022061120210031704,-0.0018613856299630749,-0.0036301363012860577,-0.02153201087621104,-0.028772939531032105,-0.001975570630648571,0.007603597992837496,-0.021236735174550825,-0.0206414395681237,-0.010340526208282075,0.0004869230710543119
2022-09-27,0.006566086979273189,-0.014824383369568372,0.0018648568477013239,-0.007286724405353495,-0.008802292140305812,-0.014446001989002255,-0.004379786336187741,-0.006249211648303388,0.0038289702410294613,0.02095730214338598,-0.0021203598092424114,0.0005
2022-09-28,-0.012651549915248084,0.01635590733484049,-0.00015510913611049837,0.027016022273570472,0.020217237676079636,0.05364588572392637,0.01971154347440751,0.03357853310936543,0.006357296789037514,0.036389309122021984,0.019672139926234733,0.0004969230798574594
2022-09-29,-0.04911902292173265,-0.013196035081679103,-0.026838347406546892,-0.026305356184963324,-0.016945954983581646,-0.03672054887246479,-0.01480904798411209,-0.006198966928288696,-0.01895141062519734,-0.002025764280329967,-0.021126437880238824,0.0004950769131000226
2022-09-30,-0.030039314831281527,-0.015003218843320232,-0.013071980676290784,-0.019777702971147226,-0.015636835579586394,-0.005351594213987232,-0.01936848196047325,-0.02668369132271753,-0.012234334490137,-0.015448834185321503,-0.015066695771983274,0.0004892307795011081
2022-10-03,0.030752598220590732,0.029470204522830112,0.02729777696598612,0.03276132580227853,0.03090923316116556,0.021594988891043165,0.03366258551136947,0.016140607259001127,0.03650575609487183,0.052800266616405356,0.025883894952576147,0.00048461539928729716
2022-10-04,0.025623055879889778,0.04149246125452932,0.06194967254987094,0.031319239826513856,0.04678345059594524,0.012048179507911927,0.03381243330501538,0.033753707679896605,0.011949764656066453,0.036444781769103596,0.030583700679551518,0.0005100000088031476
2022-10-05,0.002053193286563282,-0.014206318860508271,-0.0014805872236711703,-0.0018553113427585144,-0.012346662818554344,-0.009267201761265387,0.0012857071581267032,0.018190068869232023,-0.009944016660577093,0.040411496624357834,-0.002017948757084831,0.0005066153819744403
2022-10-06,-0.006625576503475061,-0.014411107762178577,-0.018090093174107258,0.00019562358469582541,-0.02038230033874766,0.0006476586519412741,-0.009670915613085196,-0.008544103772137213,-0.02121137451233035,0.029661035479713993,-0.010245080846639998,0.000505846170278696
2022-10-07,-0.03671865674170127,-0.02256827046585852,-0.02506803775798694,-0.026115006110455585,-0.01997409524666749,-0.040411376141474054,-0.050852887662391266,-0.025965431570822095,-0.024804244434362244,-0.010092048395931252,-0.028003617786773516,0.0005066153819744403
2022-10-10,0.0023555914206465633,-0.002926868974935659,0.006505578041968496,-0.008637145857059436,-0.009341455911854646,0.0025477433170904007,-0.021302965719888656,0.00034485283861696026,-0.002677330802860367,-0.021676798961035137,-0.00749246363390188,0.0005053846285893366
2022-10-11,-0.010255026784228849,-0.029027993113243333,-0.015081618048509271,-0.006686212529999569,-0.02885988243233084,-0.03924060291095144,-0.016750253286678563,-0.009763524319405525,-0.006040283120719359,-0.00849857747044902,-0.006519175777754405,0.0005138461406414325
2022-10-12,-0.004604903783520187,0.0030231532743940637,0.011562598659924594,0.002549719451492738,0.016182863860287666,-0.008090814847156236,0.0015082917085922354,0.007655852312092648,-0.012153912288539237,0.004387726076381826,-0.0032907731480149582,0.0005435384603647085
2022-10-13,0.03361281415518391,0.06128607267802799,0.04942844807067881,0.014343804567050089,0.05559308025053089,0.02188230028339455,0.03760805667571354,0.028778644467421177,0.03349285040158678,0.03494878460420181,0.02596564246086497,0.0005512307607210599
2022-10-14,-0.03223999240853748,0.00031550662551627084,-0.0054459918111806616,-0.02537357138227936,0.016640809360772613,-0.02709334048509815,-0.024248651760150453,-0.033568305104812346,-0.008597984768061284,-0.02630808540083651,-0.02366266361565439,0.0005581538493816669
2022-10-17,0.029122758873743493,0.06056780525339178,0.015687474195490214,0.037044643577031966,0.04200008248885134,0.05743129557601656,0.03924570551144435,0.029292462297958233,0.021347669798154723,0.014416728398009448,0.026480052302171098,0.0005673846098092887
2022-10-18,0.009409306503532777,0.037477737378995624,0.030161677890262473,0.006052794381228743,0.025720679800299573,-0.009250897467056873,0.0040836517852267384,0.0006750225022107426,0.018941789878730297,0.0017890026466900188,0.011427569666488724,0.0005896922991825985
2022-10-19,0.0007651698445347854,-0.02752301052290662,-0.0024044295391126846,-0.010849181188903323,-0.019606122646668056,0.003237896580572164,-0.008469664220385864,-0.01618715936635884,-0.003846120606737058,0.029662627748982873,-0.0066720972934503076,0.0005989230596102201
2022-10-20,-0.0032669302560164315,-0.006485848041616116,-0.007939862197053005,0.0023930388032569194,-0.0032615534521437395,-0.012759866417159982,-0.0013954053190227134,-0.00834078764540358,0.07722011419038344,0.0013489145467493469,-0.007950909706564868,0.0005984615546006423
2022-10-21,0.027059059785985218,0.03709202429184866,0.04073169455924108,0.009449961097904191,0.05252741059287036,-0.011556331533245534,0.025280457779798926,0.020970033613781913,0.021505427662015908,0.018570212751758852,0.02372481982226482,0.0005976923062251165
2022-10-24,0.014802646664237473,0.003433374480513507,0.00741559492561672,0.014682674561300457,0.001227157495633957,-0.00223054609941975,0.021187982907336034,-0.05473415887246469,0.02397659281841036,0.006990300745531863,0.011881976654619875,0.0006020000164325421
2022-10-25,0.019337667703682282,0.00912459700760282,-0.004907383636141627,0.019034661175458822,0.0026148377736290307,0.060052368276493295,0.013791680626751068,0.017311252318658266,0.010279864259845395,-0.006754132113172218,0.016266654579669915,0.0006099999867952787
2022-10-26,-0.019627146978964727,0.008759735881390895,0.033698648341182524,-0.09634995312063177,0.011491425385253162,-0.05592311460847965,-0.07715626581123913,0.007980328430071015,0.025437990459610482,0.011900217741284802,-0.007387716072364547,0.0006046153948857235
2022-10-27,-0.030465425820283665,0.00476174483764491,0.007156092349594134,-0.023412795062730862,0.003948083326389407,-0.24557081408256154,-0.019756260750273702,-0.00710208253731881,-0.0060639679583254225,0.0038267894831038873,-0.006082610618211248,0.0006046153948857235
2022-10-28,0.07555263880950402,0.008642407255033735,0.030657931712143593,0.042980598515300006,0.01187798043348387,0.012864962991906648,0.04022047956057362,0.021341338905000784,0.024958408560536327,0.02928855207517711,0.024626377895927698,0.0006107692351708045
2022-10-31,-0.01541031608794663,-0.003869569731604794,-0.00663862947522964,-0.01987987298140581,-0.0015862671563889874,-0.06088703096719039,-0.01585610201078136,-0.005855282143268026,-0.013528165665124714,0.0009937446345407164,-0.00745440410765752,0.000611538446866549
2022-11-01,-0.0175426970860737,0.00443955996478862,0.005140731790956421,-0.0439467938006699,0.018033043655191205,0.021897737290048402,-0.0170594485677934,0.005889768399002682,0.006582609053872979,0.009926940743195889,-0.004101230608784645,0.0006230769524207482
2022-11-02,-0.03730508720832493,-0.0030386733499271346,-0.010356676439153056,-0.03790055585829588,-0.009207940948333437,-0.0489495397279095,-0.03536836262944565,-0.028932103380580942,0.004359816629737168,-0.020552219457862675,-0.02500198485734284,0.0006192307839026818
2022-11-03,-0.042404970115782925,-0.0055417883023709535,0.012661480241108691,-0.041116364345956224,0.0018113926765042088,-0.018003062038167372,-0.02657888188497426,0.001182254029856722,-0.014107598179675884,0.013593683781528254,-0.010585992315429671,0.0006192307839026818
2022-11-04,-0.0019473994370445835,0.025076747735529592,0.03431996204916743,0.03844770830765154,0.027358437812016634,0.021144946305059698,0.033325646411519916,0.08478972327862633,0.008255404524824872,0.010891052796568212,0.013618724670070526,0.0006173846171452449
2022-11-07,0.003902176927036205,0.005979672668100733,0.029480661134968278,0.022491403071223104,0.00528014124143561,0.0653155660907323,0.02926962402997102,-0.015349415749673745,0.002183423490723646,0.011842125946236015,0.009613981920559844,0.0006127692369314341
2022-11-08,0.0041752421411003215,0.0027021731084182488,0.00647020907130158,0.0029329061675713586,0.0006090040699615606,-0.002584780777964757,0.004388404195635687,0.025428448296728856,0.011437808953561168,0.0031679956634682593,0.005597892802462701,0.0006292307927058294
2022-11-09,-0.033190006451412346,-0.01589881869973897,-0.010119106918588194,-0.01698348975407793,-0.013008663977873258,0.051829583670897295,-0.019050121212684235,-0.006397782818794551,-0.010231611644470617,-0.044736883040117026,-0.02077788695478977,0.0006296922977154072
2022-11-10,0.08897457077314797,0.04408549577116272,0.026819109276777997,0.07745991447221923,0.04115924458106224,0.10249336159224343,0.08226805967293771,0.050529321868074684,0.02502735176257498,0.014692409430811404,0.05543448436034493,0.0006238461274367112
2022-11-11,0.019268745681124244,0.00734335369830208,0.010892413047023597,0.02718493403170208,0.0016285612435680275,0.010279734229464932,0.016997292153077215,0.011635151010134459,0.011146399916375449,0.03122166869096632,0.009240746788147902,0.0006250769541813778
2022-11-14,-0.009485661875349272,-0.016922764777218102,-0.005561285171858943,-0.007236685137430476,-0.010273471176843962,0.010617630625370689,-0.022500061566200547,0.00041073341969100063,0.0005249648188645484,0.002919444496318091,-0.008935777048800997,0.0006258461291973408
2022-11-15,0.011869400935927255,-0.0015889359829825977,0.015262724778891679,0.028012105337922755,-0.007243630968889914,0.02503940272969607,0.0017387863523832259,0.004208627029365308,-0.002098547919271776,0.006703589684175171,0.008713116550319144,0.0006353846329909105
2022-11-16,-0.008331114514831484,-0.009018472162893754,-0.02570580335260031,0.0027349740653141996,0.0013540472048547691,-0.03288348491552473,0.0018234416447100443,-0.007768592489003856,-0.0047318199560358876,-0.01068953245540638,-0.008252046497990273,0.0006346153846153846
2022-11-17,0.012971391936393406,-0.005085831680029074,0.0057714876391712355,-0.004949973475541158,-0.004357089140110015,-0.015720271623416937,-0.0002068682417082357,-0.0010301527168681268,0.0010564796132566112,0.001328522879350702,-0.0030893228355314273,0.0006327692178579478
2022-11-18,0.0037818651650229906,0.0005381920517233407,0.001054032929664217,-0.007106568002458791,0.009808338376317005,0.0053836349927784966,-0.0019032637785910689,0.010106194855700634,0.0010553646420277119,-0.00866799176725419,0.00475858190881473,0.0006361538813664364
2022-11-21,-0.0216802291543855,0.003226682646388479,0.004796331310941371,-0.020143161137332055,-0.005902477712013354,-0.01954486730709548,0.0034408271792865097,0.0037774319773959952,-0.006852901361999231,-0.009903635346323103,-0.003883688698329779,0.000630461546090933
2022-11-22,0.014661072444487111,0.004824404810966687,0.0164163312673542,0.0156527180563395,0.014956768448881164,0.014381957239000931,0.012311523550246006,0.0011187771125575896,0.008492636527496655,0.028926682481450916,0.013579987927526016,0.0006458461468036358
2022-11-23,0.005926401039632934,0.003200862396039783,0.006529191724474748,0.015308721213792564,0.010663461944969477,0.007178709662931881,0.010406874666642363,0.011073896944962192,0.004736800609707936,-0.004992043297608051,0.0059146891478476515,0.000646153816810021
2022-11-25,-0.01959362026376521,0.0023929612989226356,0.0030728535607686958,-0.012345691403265802,0.0019050139995899773,-0.007394816620252875,-0.0003635023081279831,0.00040197916356099483,0.0015714897031851027,-0.00352085342811459,-0.0002830441976333642,0.0006423077216515175
2022-11-28,-0.026264262230426105,-0.022281022333062728,-0.0302926471879833,-0.013831951795358344,-0.017478248866956148,-0.023606541570440398,-0.023152492525722157,-0.009039807569500513,-0.01569044890591398,-0.03003271967201049,-0.015444192913123267,0.0006435384750366211
2022-11-29,-0.021148284392764616,0.0037979715285729743,0.002223033933426377,-0.00841555905032465,0.0164494521764329,0.0062511519838810425,-0.005914934897652047,0.0,0.01009559116628611,0.0066478696023617445,-0.0015918653377758885,0.0006543076588557317
2022-11-30,0.048593891741501416,0.0229729409840016,0.0036187452698008826,0.06297144125206477,0.01186281015014723,0.0789329386251938,0.06162357908463734,0.035880781363794245,0.014203139290725586,0.007237204079564297,0.030947872397389053,0.0006543076588557317
2022-12-01,0.0018914957226026097,-0.028700479116088085,-0.00825854423937622,-0.0016756843179802638,-0.014039581754346053,0.019813751037413452,-0.0017637777069263727,0.011448197906943625,-0.00466800933228928,-0.004850010469921839,-0.0008676332180498347,0.00064507689842811
2022-12-02,-0.003371235102835657,-0.012859030322975085,0.01900060028390227,-0.0044430978837469715,-0.007927268530582676,0.02532377416587228,0.0012957947353045007,0.01625229111207016,-0.00885877285897807,-0.008483723154116829,-0.001194660488065602,0.0006473846435546875
2022-12-05,-0.007983226557177092,-0.04462300760264015,-0.025552533468377936,-0.009520966647220575,-0.02804077314984399,-0.00858367136553928,-0.018900554075443998,-0.014278990863900054,-0.014195564879646794,-0.027398504230545684,-0.017894212283564803,0.0006396923065185548
2022-12-06,-0.02537005994532182,-0.0426458340490784,0.007323443967817589,-0.025633374562772704,0.0016747908767413833,-0.06787550059527725,-0.02030378151613954,-0.01419600804839205,0.022399910860965155,-0.027795983275024083,-0.014399194981406072,0.0006492307369525616
2022-12-07,-0.013784852842511297,-0.007878771389207229,-0.003283379618548854,-0.022197061832359366,-0.0006840877699663128,-0.0016649354787361403,-0.0030596702766237938,-0.0020571618861261465,0.006781405402431773,-0.0022141049579679217,-0.0018623708845491027,0.0006435384750366211
2022-12-08,0.012132771377662666,-0.009163238485341618,-0.016117522608039225,-0.012611713698295057,0.010494312111304582,0.012288260529525363,0.01239921098901986,0.01835664993762265,-0.00932634443932756,0.007428785004995442,0.00752178195750397,0.000638461553133451
2022-12-09,-0.003434957633445701,-0.0018494408968079412,-0.026067195896579798,-0.009366655476346297,-0.005418282562784094,0.004942336649393253,-0.008003241983034481,-0.01879693717599451,-0.001569023998128083,-0.008427413014667873,-0.007349578247904498,0.0006419999782855694
2022-12-12,0.016389964965035198,0.010809141722175397,0.021608402482294675,0.00526483147497836,0.01551142424622265,-0.010267492888173413,0.0288892998127932,0.008939942576017934,0.011000427922295941,0.024628060432166254,0.014279296218109305,0.0006412308032696063
2022-12-13,0.006782536725792987,0.0006110770966931689,-0.00396588283258037,0.024476282335227584,-0.000968617445620712,0.04742396028963625,0.017464650289626515,-0.00574484699467237,-0.00932634443932756,0.010934168375241748,0.0072896644387934195,0.0006535384838397685
2022-12-14,-0.015535834167015983,-0.014351305533227943,-0.01606283801574393,-0.0056338124582562266,-0.004997043864582218,0.011984975395123554,0.0011677649980126326,0.0007834901843708497,-0.0115063152693613,-0.007365902134386149,-0.006052724634100337,0.0006492307369525616
2022-12-15,-0.04685433338836853,-0.015799096502544074,-0.03265006969660389,-0.04312245006432669,-0.024810677387299473,-0.0447404801040896,-0.031918371744774854,-0.021528543656582744,-0.022751477857968827,-0.009581081949455172,-0.024921675023714007,0.0006481538185706504
2022-12-16,-0.01457868845465593,-0.0022033974078408125,-0.014718978120777049,-0.0037280301454788445,-0.006226163085559344,0.028239334793001003,-0.01734865260069074,-0.01160112796771573,0.0010830080524324437,-0.007018230463327502,-0.011137750774080746,0.0006404615548940805
2022-12-19,-0.015909798790083807,0.011356537431756353,0.005280115341425695,-0.018820152685293245,0.005955649569550303,-0.041446846986465835,-0.017328019614090917,-0.0053627824543773794,-0.03407249999918982,0.004488962189040047,-0.009007516001852345,0.0006404615548940805
2022-12-20,-0.0005285857090845392,0.004054767732064146,0.029080199485553404,0.005384135943056867,0.004843988002107613,0.022798680157436912,0.005614472783665336,-0.0030518667612896566,0.011758128844784332,0.014452823108102697,0.0010373383615349674,0.0006507692337036134
2022-12-21,0.02380947692723967,0.015222180744235203,0.03298887522019012,0.006917357643435373,0.011248093076998922,0.02280302230632003,0.01087672125856387,0.006836634590833501,0.004427262804482135,0.012840939519312533,0.014867993802734736,0.0006469230651855469
2022-12-22,-0.023772674717223663,-0.008873938067884501,-0.014581802364615926,-0.022049837825701135,-0.011349947843600217,-0.02204408268668334,-0.025528772027807456,-0.00922255071264455,0.0066115127698045395,-0.020173905871168185,-0.01445169956861636,0.0006473846435546875
2022-12-23,-0.0027981193671116067,0.002469966582804961,0.0002445890508866455,0.017561697086420303,0.004745040265062839,0.007855175438613582,0.002267123522693204,0.005216791806169185,0.0021893990319941103,0.026445010910514544,0.005868102525282026,0.00064507689842811
2022-12-27,-0.013878428075280724,0.0018477914702428322,0.012837845035487794,-0.020933050935575626,0.0035040850495420273,-0.00982720817614624,-0.007414196372596105,0.009463714936962964,0.008192282863215938,0.013894033561642871,-0.004049622110409712,0.000645384641794058
2022-12-28,-0.03068519816820403,0.007377890645420049,-0.010502255531052773,-0.016717857563985472,0.00546528705603877,-0.0107802407293357,-0.010254946685610111,-0.006048357181848263,-0.01300118681461837,-0.016426339530567713,-0.012020638322615351,0.0006673845878014198
2022-12-29,0.028324333708953375,0.01129077249645527,0.021715312252783114,0.028799420427205513,0.005737517466796849,0.0401314589121613,0.02762977997106253,0.011866105998893817,0.012623564974553858,0.007566116138292056,0.01746133164481911,0.0006607692425067608
2022-12-30,0.002468894962009527,-0.0006036337842934003,0.00047761302894677726,-0.002473227643128517,0.006605782205076238,0.0006651771182371036,-0.00493753485194981,-0.00571315072909484,-0.0021680389894104257,0.01007325725396746,-0.0025407424823445934,0.0006553846505972055
2023-01-03,-0.03740471807897161,0.011775456095312276,0.014202146036121244,0.010931968382854818,0.007606056323365307,0.03656308509038486,-0.0010008117061466315,0.016431539547040908,0.0179249943015094,-0.03436084003324413,-0.004000548879248611,0.0006546154022216797
2023-01-04,0.010314312509958734,0.018800301752771587,0.05820426424774916,-0.011036765857871389,0.00932517881398054,0.021083893922178687,-0.04374324209767089,0.03600112419478929,0.02134467577873611,0.002910514702320066,0.007538970575044379,0.0006769230915949895
2023-01-05,-0.010604662398752573,-0.002050324371132395,0.015526990161050414,-0.021869039132318302,-0.00022165969814935682,-0.0033759935298998123,-0.0296376681026167,-0.0002871527617094305,0.0036572657672953035,0.022374104036765763,-0.011645528874622113,0.000692000022301307
2023-01-06,0.03679400497860952,0.009979503476139628,0.009117796189555216,0.01601944304274716,0.01913560092591471,0.02426344550037629,0.011785368510017324,0.02164123190685041,0.01665812529131916,0.012086673023891104,0.02284078102943865,0.0006912307739257812
2023-01-09,0.004088814256869799,-0.015111966779203678,0.010147311992212193,0.0072595209058901045,-0.004132250886853428,-0.0042301417757629745,0.009736282991092748,-0.018277197690468205,-0.011011847387607299,-0.01863736579635944,-0.0007676325452631305,0.0006896922771747295
2023-01-10,0.004456468077736364,0.006786736863237497,0.035778175313059046,0.0049548963613803565,0.00895391499890108,0.027187798248804462,0.007617125419745463,0.012029801802569517,0.02258400091826318,0.014935009097421625,0.006978233159061986,0.0007023077011108398
2023-01-11,0.0211123435918108,0.007620148169925844,0.03215099363218088,0.03384137544547183,0.007431388772267455,-0.00075198209929217,0.03023824084821225,0.0028301744761454195,-0.003081659735780562,0.01162687225936665,0.012849424614881588,0.0007007692043597881
2023-01-12,-0.0005993409660054461,0.00261787353833709,0.01505975387063363,-0.0037936100803931394,-0.0010025943695692874,0.028745634297266065,0.011621385617123003,-0.004233390107455937,0.0,0.016611239939368083,0.0034159058663651987,0.000688461523789626
2023-01-13,0.010119211845972309,0.022047980857775817,0.01699222047121407,0.009683378894427719,0.025234654490993158,0.0019749030825297886,0.0030187328780821865,0.013037399244617331,0.007212665239315408,-0.0006182476060601072,0.003996858363534361,0.0006904615255502554
2023-01-17,0.008756199602643289,-0.020153179455221104,0.0036158059871289616,-0.00689654492027858,-0.015453407207446812,-0.011826508743727482,0.004681695382130924,-0.0044763368595202024,-0.01125318219786009,-0.001944335040041989,-0.0020304911890052235,0.0006912307739257812
2023-01-18,-0.005369899950569912,-0.023174940113037112,-0.01515709819913269,-0.004123316706949431,-0.030042561633648823,-0.017287206910012953,-0.018889120275290994,-0.016393517572750982,-0.01603712470919927,-0.02054373390050135,-0.015562598500411085,0.0006969231092012845
2023-01-19,0.00044370258530701534,-0.014531492973665738,-0.030402349070413504,0.02320772402639193,-0.01332644140851047,0.02353021743716366,-0.016453900302612956,-0.007047608802745353,-0.004206092747699008,0.006419048443023989,-0.007638350296294338,0.0006961538608257588
2023-01-20,0.019220850368846243,0.018657774148262973,0.010668732668902337,0.05718235446469455,0.0024489669282599102,0.023650395630214316,0.03574358009301726,0.007481408306178494,0.01531138379398822,0.01823561442333066,0.018918401045981525,0.0006981538625863882
2023-01-23,0.023500335609520473,0.013884828579617814,0.0269051987328337,0.019439971080844165,0.016212624904613948,0.02798313332790303,0.009824278212998916,0.011138520576249755,-0.0067601590264290135,-0.005205105849958702,0.01188134498366522,0.0006976922842172476
2023-01-24,0.01006320575442432,0.007284358824642512,0.011658511214230005,-0.019760893371125743,0.008596204120564943,-0.0009074117326419717,-0.0022260318109312838,0.004048575022817191,0.003141356723043609,0.009311823392708751,-0.0007115031258156934,0.0007035384544959435
2023-01-25,-0.0047009170035062775,0.008678061580898788,0.0011152562452030335,-0.024997437258591826,0.004839175614464786,-0.01145731030209185,-0.005908092196730497,0.0031884023227608527,0.06576201232754508,-0.005271930839345962,-0.0001817250594663422,0.0006992307809682994
2023-01-26,0.014803444580791192,0.013478675956625885,0.004332233981309663,0.025121474422047596,0.006181753182198824,0.0409894208604793,0.030713551760591873,0.016638515562401146,-0.020568137191236624,0.04019081802218705,0.011007853469181317,0.000698923110961914
2023-01-27,0.0136843095766217,0.0031127064985194686,0.025757992879855474,0.015631256203306965,0.0024290367623138742,0.030142582141333252,0.0006451801142790536,0.002390596654090693,-0.002499898110004617,-0.018257480313287777,0.002494840970949097,0.0006996922859778771
2023-01-30,-0.020078149422679048,-0.00423142857548342,-0.028835825949690808,-0.027405442968135296,-0.008480641718405568,-0.03084228130452482,-0.021961600906916567,-0.005687025301052029,0.010526201515501432,-0.017732062671777404,-0.012968740984683369,0.0006976922842172476
2023-01-31,0.009020841990974082,0.0050991819447889775,-0.00432999562443348,0.01960189747993968,0.005965622796752168,0.0129879212145938,0.021012702263589977,0.006826486633783269,0.010416652424126038,0.021574637480602066,0.014642470285510134,0.0007030769494863656
2023-02-01,0.007900900752600748,0.012401260152678173,0.022862814755280514,0.015620281522893409,-0.00264367925453024,0.027857916778399217,0.019934642710923933,0.007788206661109243,-0.009327429695348055,-0.010947421456619866,0.010452303944590291,0.0006953846124502328
2023-02-02,0.03706257158542159,0.005846487679214585,0.019679278165602998,0.07266097529732485,-0.004656450089639219,0.2328239961605887,0.04688424471579866,-0.007636949739067922,0.004955492185130916,-0.03128811794380448,0.014699373244309921,0.0006938461890587439
2023-02-03,0.02439985413754653,0.00830325714078839,-0.02358831202694278,-0.0329044276713083,0.01547423594490338,-0.011866321144597514,-0.023620555034039925,-0.044434312404037724,-0.022189413883791143,0.006927517215391976,-0.010354610691310495,0.0006958461174598107
2023-02-06,-0.017928753529949937,-0.0016469336682937152,0.00475841884323791,-0.016631818852855806,0.005882859712496691,-0.002519708485385408,-0.006115726953559886,0.006903203701218219,-0.012607242631336946,-0.0016975925495659183,-0.006140463017754394,0.0006973846142108624
2023-02-07,0.019244696755542856,0.010997953977910369,-0.0029143042001281705,0.04416738804396392,0.012189843673541478,0.02988282076507498,0.042022037695570225,0.0172347378360036,-0.01685380999618391,0.02855092169531237,0.01287251059802652,0.0007030769494863656
2023-02-08,-0.017652744700426104,-0.007342830896283181,-0.001826903478180708,-0.07441689047942102,-0.0070308739951870924,-0.04274085507828951,-0.003102094306974279,-0.004961116504294649,-0.0046753179806382494,-0.008701728433059608,-0.011080724476164705,0.0007053846212533804
2023-02-09,-0.006911485775774939,-0.02136981821987316,-0.014275256529713731,-0.045400009155273424,-0.015563724612185137,-0.03003867811615213,-0.011659750200870289,0.0026472079440724716,-0.009916581187165874,0.0037746078883189593,-0.00882979617773516,0.0007096922947810247
2023-02-10,0.0024560678618630316,-0.003919372839672586,0.006188892174395777,-0.006285339198360496,0.004415333085225237,-0.021189322792601994,-0.00197243348500431,0.009806620186392667,0.005271577963224416,0.04215131305097897,0.0021952617756952897,0.0007130769582895133
2023-02-13,0.01880685454810549,0.0019673429981537094,0.017099288913933197,0.0014758527171372382,0.01084802099451232,0.030318684836907472,0.031242810499421125,0.013353252423725204,0.009963278729281155,-0.003889772396255653,0.011448609342766147,0.0007146153816810021
2023-02-14,-0.004224974339170906,-0.0008415380214629176,0.010401612127409976,-0.0005263479132401327,0.004418800068683337,0.0002786772211944566,0.0031328277518891667,-0.004975925860814301,-0.00571141284835841,-0.011714819563549805,-0.0002804145319874607,0.0007169230534480168
2023-02-15,0.013903406524856443,-0.0016843849593756177,0.014723372233953258,0.022643513375265156,0.004190021304771641,-0.012926187434011083,-0.007992865226729484,0.009446092511228299,0.0052220279493802035,-0.003006306178722218,0.002773175690496066,0.0007143077116746169
2023-02-16,-0.01042933974078053,-0.007874015748031482,-0.00849341175282714,-0.013594229820467207,-0.013769160968774008,-0.026642589315506005,-0.02662274229039796,-0.013394498812502098,0.0005194797756264968,-0.002929275137758869,-0.013788741489130674,0.0007176923018235426
2023-02-17,-0.007546740468078128,0.0019839624400785905,-0.012016802283487005,-0.012424331348639295,0.0029616641045349112,0.0025516262768308096,-0.015601726775353209,-0.00409146163185814,0.009345781017050525,-0.03845156736708888,-0.002767405825327751,0.0007199999735905574
2023-02-21,-0.02667978837829843,-0.023479377363237353,-0.009392971886977297,-0.026852662908026237,-0.018349439798932443,-0.004627504796174131,-0.02088662513459283,-0.02166203834587288,-0.011831360224599186,-0.0009885208039076554,-0.020041234255327334,0.0007212308003352239
2023-02-22,0.0028960536837505657,-0.006662764451937475,0.011305608545789214,-0.0027159151734023057,-0.007663010300406836,-0.005578839514481793,-0.0045909279697078365,-9.54154108909755e-05,0.008849648223818285,-0.012953028321807558,-0.0015735561458868341,0.0007223077187171349
2023-02-23,0.0032904714424397685,-0.0008750276937856682,-0.003005218206731497,-0.00795210602032348,0.008010837119907022,0.005376333539019118,0.012961715137655982,-0.012026284782217678,-0.0015479854143748417,0.009204357221205495,0.005329429416074394,0.0007215384703416091
2023-02-24,-0.018005261579653653,-0.0014593554978244994,0.007354728426691937,-0.01888658423703582,0.009021319733025557,-0.009590757735848943,-0.021784376626316937,-0.01845233640405597,-0.005684848175277701,9.031010415938567e-05,-0.010537551485558128,0.0007235384721022386
2023-02-27,0.00824753836812575,0.0,0.003470919127227523,0.008393956494775257,0.008727732668304622,-0.004988591505137752,0.0037717928799938516,0.008267726422272581,-0.01091464406142073,-0.001805898867982103,0.0030730045671669703,0.0007176923018235426
2023-02-28,-0.003447790774170345,0.002630769493572105,0.010377014007929786,0.0022198066706311526,0.008370876455914722,0.031850945907257566,-0.002958130226952571,-0.0034166507206412344,-0.006305823761599605,-0.0057891488497709975,-0.0030360018281855305,0.0007246153904841495
2023-03-01,-0.014246067283711472,-0.004664739676994212,-0.006728866908503051,0.0023255711780241217,-0.0055807767915038164,-0.008688717567441717,-0.012629244979409426,-0.006464934846657999,-0.013220603092144345,0.008916306833788079,-0.004725264845680033,0.0007269230622511644
2023-03-02,0.004129173911454842,-0.012676824465050363,0.01877821912230493,0.019887254224721262,-0.010382150695429249,0.006400649418011106,0.019653184298360715,0.01557734815740952,0.0,0.004599165317229259,0.0075821940867943916,0.0007266153922447792
2023-03-03,0.035090127462807263,0.020005965760941047,0.007699438484728871,0.018524527458547935,0.018359593023734355,0.06142211250605212,0.016646003897802686,0.014949972200542172,0.008038574182634095,0.012657098507888431,0.0161477371607488,0.0007258461438692534
2023-03-06,0.018539341038877888,-0.0020492015486808235,0.008806479252916555,0.01659227019450582,-0.0058471382230752544,-0.0018893716788968007,0.006189117072962436,0.004208472018906839,-0.0021264208762089565,0.008864402299860075,0.0006871667698291617,0.0007273846406203049
2023-03-07,-0.014496462616848893,-0.03197419550735903,-0.007695811587014156,-0.014752078207758035,-0.02940775007825014,-0.002109245010937011,-0.010589055986857887,-0.015715796469364163,-0.0031966905048693706,-0.019330442285111604,-0.015326919115337678,0.0007453845831064078
2023-03-08,0.008377240767832195,-0.013333305368697368,0.006829552742775746,0.005097200448835659,-0.005915412186059621,0.002493126267206769,-0.0017705658086522025,-0.008128517914604783,-0.005344622892020867,-0.01460434092737839,0.0014147940136839399,0.0007512307533851037
2023-03-09,-0.01491468756674652,-0.06203927141733223,0.052655676650879,-0.02102480540610907,-0.05413644934164252,-0.017732598570852742,-0.005439450467573104,-0.02146335909424746,-0.015583102598139442,-0.007728769815836811,-0.01845935787384867,0.0007458461614755483
2023-03-10,-0.013878684753919956,-0.008840919662632674,-0.006116117932462806,-0.017807052241177734,0.02539501287594126,-0.011998502423232416,-0.014782891876727988,-0.009172456899205095,0.006004465895396827,-0.012370523036702608,-0.01447813845705137,0.0007389230728149414
2023-03-13,0.01326602199752358,-0.05814338043467837,-0.022307729030730528,0.007142088898162369,-0.017957219701130844,0.0077432980457001754,0.02144095518401512,-0.0030187749652961227,-0.0070538130470328975,-0.011504920082625825,-0.001509761003189447,0.0007166153834416316
2023-03-14,0.014089155904420725,0.008768895846071434,0.024727408097875436,0.02825655939790539,0.025676209271215944,0.07252631740542892,0.027055881699899365,0.0038353078449542277,0.007650262523880791,0.0037544475511215314,0.016476655480623936,0.0007199999735905574
2023-03-15,0.0026215153168731575,-0.0093880977493781,-0.015465533718940216,0.024403215403265843,-0.0472440976580647,0.01922479973921165,0.017830364211076644,-0.0012066162779658107,-0.007049881754561782,-0.049747487334100504,-0.00698088356543769,0.0007012307827289288
2023-03-16,0.018693965657772704,0.016848018411311783,0.024621204066235025,0.04681508545000623,0.01941368461978321,0.03630843325300259,0.04053643216907221,0.01097253018749389,0.004369191052320032,-0.00580595538750428,0.017562006217166637,0.0006969231092012845
2023-03-17,-0.005453997639683683,-0.039696232813848265,-0.018266887546141697,0.013752838565800563,-0.03778204847020106,-0.045478906936647356,0.011694352896789662,-0.01722598378492557,-0.014138205927993308,-0.011778712536502978,-0.011019457310067593,0.0006604615725003755
2023-03-20,0.015483838742695433,-0.0025161324385856165,-0.004097923293803207,-0.005172738473869343,0.010571526680352772,0.011246853133161094,-0.025766675887449075,0.011651515268662038,0.019856674006832442,0.026141800326620057,0.008918403718310097,0.000686923100398137
2023-03-21,0.011944036225120414,0.030270236940129758,0.025133466669100768,0.03835961955271672,0.026820872479874414,0.021990830378667336,0.005693654331504039,0.006910346297019698,0.0027041606698439136,0.044802394808703294,0.012982193897784988,0.000708461541395921
2023-03-22,-0.00910337338835554,-0.03322842927011649,-0.02809723183135926,-0.015306076844671446,-0.025813941076003433,-0.011624485857466782,-0.005442226523751259,-0.014123676104224603,-0.008090603717164302,-0.022888691184893672,-0.01646322377571363,0.0007020000311044547
2023-03-23,0.006969432873209058,-0.02424022538292958,0.022323895823637585,0.01957398667850052,-0.0026733848274635985,0.022371259072721417,0.01972157759563764,-0.007062181053038907,0.003806411232879725,-0.011282098682366737,0.0029845287333754023,0.0006927691973172701
2023-03-24,0.00830568558176581,0.006303345134165195,-0.0024018813584146814,-0.0018822188369647108,-0.015215953856142495,0.008468747493033613,0.010480459053511249,-0.0008128849191011422,0.008125772530204411,0.0011603884817976695,0.005639807253104534,0.0006927691973172701
2023-03-27,-0.012293317560184036,0.049742036481909,0.021232284912092947,-0.028285876570406487,0.028660623123479168,-0.015387594065685573,-0.014933885584909934,0.003254106570402815,0.013970962648987895,0.02192605218273913,0.0016469543057482383,0.0007050769512469952
2023-03-28,-0.0039803799824471575,-0.01298695514510162,-0.001821902448767454,-0.01649521626735606,0.0030353112596459564,-0.010648805467888267,-0.004160875659115826,0.0006080829324175419,-0.007949218324082463,0.012476371037178025,-0.0015738434957162095,0.0007119999665480394
2023-03-29,0.019790819973475093,0.01955899065421063,0.00987759267646382,0.005327554383145916,0.002017217110230174,0.02327094677185504,0.019183964636285022,0.01924646974972477,0.014957349682122256,0.01717694799445102,0.014237268879836451,0.0007123077099139874
2023-03-30,0.00988990605835971,-0.012905485463348798,-0.00010625412252196487,-0.00569187264346982,-0.0030199140589759477,0.012125591236261224,0.012619744163368418,0.00695674743214747,0.004210416581607257,0.004864129780764559,0.005715269388667954,0.0007176923018235426
2023-03-31,0.015644120063716294,0.010600758565451285,0.01648055606766996,0.026450851887563465,0.012116426656246793,0.019726742570040035,0.014962086573710565,0.027733872050019537,0.008909944488272092,0.0015527994324235905,0.014436542471763847,0.0007053846212533804
2023-04-03,0.007701668444305421,-0.00034969237557691546,0.013807515942530824,0.008750035212590213,-0.0011510630311278858,0.005331720627515413,-0.003711267038899013,0.006914495493959727,0.007272614578838432,0.0590004347719959,0.0036988464765423945,0.0007030769494863656
2023-04-04,-0.0032496013732079554,-0.021336141534410213,-0.01929422233664102,0.0020017069597004777,-0.01336811082353917,0.007743905006647234,-0.00017414350897682063,-0.008106806259012278,0.012893328462050935,-0.009558218110032324,-0.005796972083329965,0.0007273846406203049
2023-04-05,-0.011290316769786424,-0.012151555033769967,-0.008416613195977085,-0.0016172545081613032,0.001491142700378978,-0.01508944427507608,-0.009889274744184884,0.008653867035161467,0.012219942116274751,0.017127448863493377,-0.002492370531228194,0.0007238461421086238
2023-04-06,0.005495894663295919,0.007235925548177313,-0.006896564015058448,0.037637014697434745,-0.0010970976244720765,0.021846086955329636,0.02553278776435386,-0.0020972519100012077,0.002448731146255767,-0.016582582776959565,0.0035791630944272956,0.0007246153904841495
2023-04-10,-0.015972353861650412,0.0035919715354866266,0.008119648847068728,-0.01790637787248628,0.0032948474453211585,-0.006247135887950672,-0.007578807255962272,0.0005731129539874313,-0.0040712162501675975,-0.004432867677554464,0.0009963029974375814,0.0007443076647244967
2023-04-11,-0.007591151132737783,0.027558996331086716,-0.004768903814807435,-0.00776058181714423,0.004926160746860475,-0.004190891252546569,-0.02266847390017601,0.009547466246511815,0.006131887411670478,0.007071753311038043,-4.1352477946232646e-05,0.0007507692483755259
2023-04-12,-0.004353228682667298,-0.008011104960736315,0.0020231096619909295,-0.008480979104647624,-0.00015564411649993115,0.0007013976722158866,0.0023336536259841445,-0.0013239796018787997,0.004062945284329267,-0.0010402754624672106,-0.004134884052006904,0.0007476923282329853
2023-04-13,0.03410364468904903,0.0028089889536682122,0.0021254773216292655,0.028226584168854263,0.003813216876194181,0.029672925717362686,0.022399350282186647,0.013162892972130802,0.009610448324581355,0.004686181763091879,0.01326268999363811,0.0007469230798574594
2023-04-14,-0.002113942362031662,0.033613447640901795,0.01208902273726653,0.011738576711413096,0.07550975609436539,0.005173584561249722,-0.012765501169642257,0.004486416254643855,-0.0015029947557125833,0.0024186822799119323,-0.0020693734728036706,0.0007543076735276442
2023-04-17,0.00012095205380946439,0.02879404795662599,0.013935461223711254,-0.027772710953352986,0.007929082783265429,-0.011874146993479884,0.009296040346109091,0.007816072233810978,-0.007024533363465091,-0.011632941416838904,0.00330615690296554,0.0007573845936701848
2023-04-18,0.007504787723795481,0.006256166289211329,0.017567447620077115,-0.012215706114742653,0.011227840482457951,-0.004432062587946706,-0.0014889407677500799,-0.0036930806051209686,0.0015159056793343506,0.01952921779566985,0.0008552202959737354,0.0007738461861243615
2023-04-19,0.0069682795532397535,-0.01636127330162984,0.005687004768427872,-0.0009513517970192176,-0.001272873836200561,-0.01005095436936465,0.0002775068723073204,-0.006950158044180976,-0.006054444750155263,-0.003164048017575194,-8.42619976980652e-05,0.0007684615208552434
2023-04-20,-0.005846383916803366,-0.005322688382952134,0.007371514476461893,0.008379403075048586,-0.0029033271583099873,-0.012192812523101337,-0.008112406811025874,-0.0010265464140182257,-0.10406101100098375,-0.00797805764586934,-0.00595254815297297,0.0007607692571786734
2023-04-21,-0.009780862264937462,-0.001003272224797791,-0.0025060306912225716,9.444887711373973e-05,-0.0019174744066702276,-0.000844830001326291,-0.0012232408695068697,0.010649293380997626,0.03229459600159834,0.003199684821987514,0.0009031888869577287,0.0007615384321946364
2023-04-24,0.0018784916324139367,-0.0036826810556581657,0.006431507142031334,0.008214475376311814,0.0013519382719437978,-0.00046975482081046405,-0.01396292576948932,0.010167235031893318,-0.037870402651325574,0.018877585449660117,0.0008515791660903549,0.0007496923299936148
2023-04-25,-0.009435649907838628,-0.03091394819052118,-0.017074350158544194,-0.02032214079183947,-0.021743839010896715,-0.024625172234151727,-0.022535975131816932,0.0004574603165869995,-0.001140892720313702,-0.014213157385851827,-0.015810858882773227,0.0007620000105637769
2023-04-26,-6.110121200886276e-05,-0.013869625982408262,-0.02265342474486931,-0.0015295254868160635,-0.017723527171287445,0.008913470573475246,0.07243476729060871,0.01948054832068058,-0.017704146441436808,-0.00918303783822294,-0.003841187197329843,0.0007669230974637545
2023-04-27,0.0283953000392978,0.01582272619418612,0.01922876849270283,0.037529975230945256,0.01345867022707603,0.13925503587418664,0.032027666218955586,0.01148288109915896,0.02383725477824683,0.01195327667064694,0.01956614972249704,0.0007692307692307692
2023-04-28,0.007541058671858503,0.013499506979909315,0.00928008055173457,-0.0013841609493143725,0.008682972949674017,0.007377639938115355,0.007971687413732553,0.013658576070918027,0.0034071291084314392,0.012924716943917502,0.008253202753460531,0.0007573845936701848
2023-05-01,-0.0005303966802686633,-0.00819665618818588,0.022329992005468702,-0.004712642122322364,0.021411877856429395,0.011900737618171231,-0.005532807673213291,0.002362390118037183,-0.009620863192529527,-0.031012306762326913,-0.0003861064902076494,0.0007484615032489483
2023-05-02,-0.006191485674171049,-0.03030309650718155,0.003261529183449685,-0.016061607485320817,-0.01614721184170942,-0.016201938075843914,-0.0004909905491089495,-0.0008729669572519194,-0.024571465084768485,-0.0398534544843383,-0.011586262936400304,0.0007753846095158504
2023-05-03,-0.006467274396850575,-0.010653392749990775,0.0025612081513390894,0.001320998162048781,-0.021163299091157772,-0.009237613539221923,-0.0033069580191047443,-0.09173508547991094,0.0011716373683401393,-0.019709447586792717,-0.006998305064656485,0.0007838461215679463
2023-05-04,-0.009913408782439737,-0.031227593897742212,-0.024073810106126747,-0.008575232176373904,-0.01367853598787272,-0.014808229021273212,0.0033179302752353035,0.007310548459447119,-0.01053250976215836,-0.017511273740163036,-0.007218732334382416,0.000777692281282865
2023-05-05,0.04692691378665437,0.026676549006981576,0.009262977639460823,0.00955229790099188,0.019534842695683174,-0.003168916921998055,0.017157284575313403,0.023777716224811396,0.0130100709427321,0.024896266774564246,0.018474751389515376,0.0007815384498009314
2023-05-08,-0.0004033831647295427,-0.0007217091170900192,0.0067837113237319,0.019065118822176208,0.0024134102014219394,0.0021050154469184346,-0.006438026325720436,-0.0003731547443965866,-0.0005836534644253488,0.003956585077716124,0.0004521286642489297,0.0007820000281700722
2023-05-09,-0.00997109478682301,-0.001083484399734047,0.0007927061951524816,-0.0027715763884331723,-0.004815087265960916,0.0004286485312949839,-0.005345832728015143,-0.0042921622133070825,-0.005841190513800498,0.00027490664124951714,-0.004579421277258522,0.0007881538684551533
2023-05-10,0.010420873636362904,-0.012292137027575256,-0.014455466950498486,0.040207487861106284,0.000513020355251026,-0.0012426331242249011,0.017296343099961975,0.0024365095314258234,0.001175193348563086,-0.01282755977149641,0.004483965263404999,0.0007792307780339168
2023-05-11,0.0010947335979276662,0.0025622521358845685,-0.0003013668663353064,0.0411471570788251,-0.003150502428983626,0.011626872463483373,-0.007044344107392075,-0.007610051635389747,-0.00469502770248631,-0.018099030712038,-0.0016966239932159066,0.000771538440997784
2023-05-12,-0.00541757585561653,-0.01095288583598919,-0.0071349340541105866,0.00872537750002178,-0.014333017366435108,-0.00839728480392432,-0.0036759880515069288,0.004638934475540646,0.004127442248374358,-9.460912094994e-05,-0.0015833068345566526,0.0007735384427584134
2023-05-15,-0.002897303205086854,0.020671835909012337,0.03238862642379314,-0.008141104981169156,0.008426482917783362,0.02159874729262712,0.0015858699945698884,0.004900046496052912,-0.0046975571403312655,0.0019071042696294782,0.0029581644391338813,0.0007692307692307692
2023-05-16,0.0,-0.010488255260937107,-0.008529458327859674,0.026761262636103345,-0.006729164697413692,-0.00016743400330998526,0.007367615906245906,-0.01275315969975066,-0.024778802821345702,-0.02426953328608994,-0.006377683373153031,0.0007781538596520057
2023-05-17,0.0036031378564966854,0.04422512295550529,0.023138622912085793,0.011574711145231342,0.0307474052226564,0.015367214037318888,0.009451613705611761,0.00389441519514766,0.007864429695254138,0.022434613291893557,0.011890829058788244,0.0007827692031860352
2023-05-18,0.013666072384457717,-0.003500192155933002,0.0052188610698686855,0.016792831986832235,0.007583916278304903,0.017980125001376468,0.014394861257177372,0.013246178876609616,-0.006602591815307868,0.009063158560584927,0.009445048649426635,0.0007884615384615384
2023-05-19,0.0006284583758924267,-0.012644789450358074,0.002403630697969783,-0.0021858537111736354,-0.0022939644582536944,-0.004901789280733371,-0.000565134919961352,-0.01475385378662597,-0.014501519008456198,0.004632760768783495,-0.0014458676054706077,0.0007823076981764574
2023-05-22,-0.005480815010302842,0.00818209891003141,0.0027815229194985136,0.021257628775513515,-0.00826253424048895,0.010910307528209762,0.008921326894748116,-0.024737037579020682,0.004291813309870385,-0.012140025949605837,0.0001550346964389604,0.0007838461215679463
2023-05-23,-0.01515493192468187,0.008468596055437372,-0.027259744292381538,-0.020497352623794596,-0.010432608945848965,-0.006362764918058983,-0.01843205860567576,-0.024878558955509722,-0.017093948717146423,0.013622940536801353,-0.011222026747550129,0.0007927692119891827
2023-05-24,0.0016320523140229692,-0.016794962358890775,-0.007079563236871089,-0.01338309281877137,-0.009151448652241934,0.010010542132258937,-0.0044724732151188995,-0.007275185055745315,-0.009316820553292526,0.011184103371518539,-0.007318600335353365,0.0007976922988891602
2023-05-25,0.006692292966383739,0.0024911289877307397,0.005347549511105942,0.022278848224848602,0.0024382618787932575,0.013964109119962709,0.03845784690663856,-0.01174582249863898,-0.05015672951000594,-0.01793839087033844,0.008757581265902425,0.0007943077087402343
2023-05-26,0.014104844254227089,0.00496974087228641,0.012017285324959381,0.008685177678385392,0.009361060935338283,0.03700188378320868,0.02138567011563941,0.0009142695789381428,0.023102329262059795,-0.006530355992633963,0.01304908677799732,0.0007869230417104868
2023-05-30,0.010659517992285927,-0.0017661011398842907,-0.0033092837854086232,-0.006298341015747777,0.0037972523492175725,0.0018317068123119284,-0.00504680988515116,-0.007916380034505566,0.00903231543653571,-0.008859685375869453,1.660326849850513e-05,0.0007912307885976938
2023-05-31,-0.0002819750629596829,-0.016631239291425293,-0.0084960656076285,-0.010189318431366168,-0.012730893795811493,0.008380360730994463,-0.008514187095498782,-0.0011253632890362297,0.005754370067866832,-0.017877762099162142,-0.006108624209833935,0.0008073846376859224
2023-06-01,0.016022545747884642,0.007616941322778459,0.03092682179233175,0.008105698125452143,0.013779334123380504,0.029805016978227128,0.012759140502529798,-0.001228987900773193,0.0050859087104748735,0.011548217026112972,0.009854453563032717,0.0008004615490253155
2023-06-02,0.004775394007124456,0.033477263313179906,0.01079584036056458,0.006914855603114445,0.021005938172254268,0.0,0.008479206720468646,0.02030352809449365,-0.03795068452443995,0.02321988347639503,0.014534424705965554,0.0008023077157827524
2023-06-05,-0.007571131934170361,-0.005921218194578581,-0.01606807045969194,0.011179380810955264,-0.009824182321634178,-0.00447515046652347,0.0016100785189101519,0.004321607389422999,0.011834358044246596,-0.0044441001886255105,-0.0020035816359177394,0.0007912307885976938
2023-06-06,-0.0020603102981311405,0.02417654536001046,0.013064346339322963,0.010108240041495131,0.0017973699546725008,-0.000994950133297201,-0.006727462658713268,-0.017111957969229152,0.018193620671668853,0.008167961087525377,0.0023538963079141606,0.0007935384603647086
2023-06-07,-0.007756331833870811,0.00855285678806661,0.0058790358598381776,-0.038855453665938566,0.00968851645625457,-0.027736755492421272,-0.03086786867291269,-0.003054365408400095,0.0274409484620175,0.022421105483723558,-0.0038120096998572883,0.0007927692119891827
2023-06-08,0.015465080629694539,-0.008480325776186737,-9.428636164332538e-05,-0.0021962279738007018,0.0002843611211515995,0.0037176799926368354,0.005813623591467865,0.012561319698369822,-0.0018634002849934328,-0.0031327646701369005,0.0061886426142414575,0.000784615369943472
2023-06-09,0.0021598634001691597,0.0013684884075877424,0.0021684308996472446,0.0016304278195331534,0.001989525297779293,0.001398539774528862,0.004703918029275611,-0.012002066705000258,-0.007467334902284017,-0.007394467835209584,0.001148059539441082,0.0007838461215679463
2023-06-12,0.015638749744372404,-0.004783098558508447,-0.0006585667292433595,0.012045216036916218,-7.082000192193405e-05,0.023023118720111535,0.015483970951270853,0.005104094143085547,-0.0012538482515593863,-0.009032492074204201,0.009321148810237156,0.0007838461215679463
2023-06-13,-0.002611688225530151,0.00926881103818622,0.004800880296748078,0.0006433601289617119,0.007234067312968495,0.0009961982785855472,0.0073527195938987155,0.008125172939003278,-0.006905279988495661,0.0001879978038734631,0.006932489951473775,0.000784615369943472
2023-06-14,0.0034913971198120564,-0.009523768126867505,-0.01911183940644423,-0.0004018568804562417,-0.003731850675345205,0.007481935443378829,0.009123791770683898,0.0141044128990222,0.001264274397305254,-0.012025551044022698,0.0008194255259321714,0.0007815384498009314
2023-06-15,0.011198686943946656,0.008585164587741945,0.006781326874496285,0.011336257382580373,0.011308176977497642,0.03102242648400999,0.0318966243277905,0.007152694288192318,0.011994981643829616,0.0069417599187096,0.01217813742034668,0.000777692281282865
2023-06-16,-0.0058599076451348875,-0.0061287129735226875,0.008348344219953452,-0.013753107117753793,0.0011880496272971275,-0.002944990284249993,-0.01657579278682031,0.004833329752248483,0.001871416234882517,-0.007177275918515913,-0.0036716195284263176,0.0007792307780339168
2023-06-20,0.0004866733308137583,-0.010962647789295454,-0.02135669467089718,-0.0016927219781176506,-0.005095634162744389,0.011850486022297657,-0.012502491341388255,-0.005889855205153727,-0.017434610389421956,-0.0229239893587444,-0.0047351076976228645,0.0007807692014254057
2023-06-21,-0.00567528631212022,-0.01039144910593448,0.009901985718621553,-0.02091236471376956,-0.0014732998359191507,-0.009460739460712575,-0.01328210639236993,0.005924751131444417,-0.010773111210051645,0.011195541193081304,-0.005245281583003636,0.0007900000352125902
2023-06-22,0.016525266938793193,-0.021351089144816204,-0.0021894855272280855,0.02152400267500676,-0.01925240509329873,0.01150401244801591,0.01843751550036532,-0.010012738790199704,-0.0019218305109155454,-0.005487659615811991,0.003710798414438443,0.0007900000352125902
2023-06-23,-0.001711292166940881,-0.007510697115483023,-0.009921759452654833,-0.006862081897702099,-0.005229979300222953,0.01351448342293926,-0.013805962658417048,-0.024888472043610776,-0.008344030208894515,-0.008712513633081564,-0.007658808766684566,0.0007904615402221679
2023-06-26,-0.007552938709473822,0.012252257750914985,0.006455938786108728,-0.031946028389013836,0.0024486570394131046,-0.03553496129680411,-0.019162935937965142,-0.0011185335970725907,0.011650460428065834,0.018457041175069522,-0.004486838293256468,0.0007930769553551307
2023-06-27,0.015059031472648421,0.005339965030810134,0.0044997373605975,-0.0006717121850704499,7.185639053308712e-05,0.030811170088894002,0.01816801702327897,0.004988244627314398,0.013435723819935408,0.002493075303014347,0.011455854954693034,0.0007969230505136343
2023-06-28,0.006327794938592701,-0.006019832778745626,0.020301250655658354,0.017393493468344845,-0.004382262658067182,-0.006131263971055234,0.0038257671735393295,-0.0011142280732641119,-0.0037879115170637023,0.008130056178721201,-0.00035407668843834283,0.0007953846271221454
2023-06-29,0.0017965499974890164,0.021018887032502542,0.006445525212736225,-0.008837129820308487,0.03492318708018005,-0.013179605499689107,-0.0023821053622684607,0.0007098380867569531,0.012674237627146256,0.01233395379671487,0.004473544672805918,0.0007961538754976713
2023-06-30,0.02310251902489746,0.001046779023211153,0.01958421578452718,0.007999325617733977,0.014013818332480943,0.019358548753817706,0.016385684120133748,0.003850817751769986,-0.0018773326568958248,0.005154678564296855,0.012269004495714109,0.0007927692119891827
2023-07-03,-0.0077846375013539415,0.017776236297954107,-0.01429221789288293,-0.0033893003056298943,0.008044541708625896,-0.0033452572858880814,-0.007488119473681665,0.0009086247888328014,0.010658410000162544,0.0019580190278052356,0.0011706778016009611,0.000791538458604079
2023-07-05,-0.005871443825643752,-0.004109617674589394,0.003417080636573644,0.01716987173807949,-0.006661638737979425,0.02919378513477433,0.00047340460521705374,-0.006959232240288604,-0.0031018338707589077,-0.005118150957644563,-0.0019683184132291975,0.0007989230522742638
2023-07-06,0.002508765906785726,-0.027510290204931787,-0.011780934545288502,-0.013862814860291506,-0.009886564448392754,-0.008085079737372824,0.009226659928304848,-0.022953523967164657,-0.012445517901731096,-0.03732117742233021,-0.007922511336500904,0.0008019999724168044
2023-07-07,-0.005891261629816902,0.008840169516617369,0.008382184432377038,-0.006532712424821896,0.00789043761642394,-0.005000142141537878,-0.011867434935889598,-0.0015591308859881359,0.0011544156643819026,0.002331945167525218,-0.0028651005386203243,0.0008019999724168044
2023-07-10,-0.010855838414712271,0.004556577554779118,0.02162865402989511,-0.027218217576819415,0.005611733262744334,0.012287912915081467,-0.015983688289103237,0.03206651542651895,-0.021780858833532313,0.014831359000161637,0.002405026057131332,0.0008038461391742413
2023-07-11,-0.002810011863180417,0.012561082074955765,0.006242671211677431,0.0071874417570780835,0.01563902423640351,0.01424686281690013,0.0019287711309559086,0.009684277181929657,-0.0026195752670725714,0.012226570381175916,0.0067422110558885695,0.0008066153893103966
2023-07-12,0.008985498792831947,0.011716062964324703,-0.0001798621852309168,0.016226350156868907,0.00495180936512063,0.03704444492415715,0.014226830865687434,0.010490589229704694,-0.0072225646738984794,0.004907029704939392,0.007411233485312474,0.0008046153875497672
2023-07-13,0.004057489556155147,0.010558564696796502,0.0007194409464950091,0.043554580879839655,0.0048599476906237005,0.01315706786190396,0.016192145401447977,0.004548127428561033,0.0,-0.018311560461874432,0.008470153458069118,0.0008035384691678562
2023-07-14,0.0007873050311422158,-0.018874265739885043,-0.00898634086061878,0.0069694392728196775,0.0060456047880230734,-0.014485844395115466,0.007529345195170567,9.844274003278919e-05,-0.041005283746809784,-0.03443660690418571,-0.0010244071333035398,0.0008023077157827524
2023-07-17,0.017305562319599455,0.009962178017804302,0.007798337140651146,-0.0050914829370438675,0.024103628946850142,0.005665814186114337,0.001419355947418488,-0.00669223963344856,-0.06689657013991779,0.004358966973140088,0.0038553825145495324,0.0008050768925593448
2023-07-18,-0.0013403239902635145,0.044217726574044436,-0.0007198293278211088,-0.007836204595157659,0.0018255233432207252,0.00460367232715253,0.03979974782718987,-0.0016843318607968616,-0.005912780878413737,-0.004537316893519883,0.007117275205842377,0.0008073846376859224
2023-07-19,0.007071757947505475,0.027035827461868278,-0.01053482977368192,-0.010477135981411978,0.00383962204756938,0.012690344904879636,-0.012267330674579413,0.010619282695440324,0.08475839104008442,0.006936232997063918,0.002357910335732072,0.0008069230593167818
2023-07-20,-0.010097400458977002,0.005074527241601956,0.012284998467733788,-0.026470109401467212,0.01231762655743518,-0.04268858686456878,-0.023121559040603867,-0.00932927978393927,0.004797785749975025,0.017614623427825382,-0.006756896218903741,0.0008066153893103966
2023-07-21,-0.006161599867214096,0.009151120331066132,-0.008180475100595275,0.006525548291329564,-0.0076848991043682036,-0.027303912296762545,-0.008937049548139675,0.019230775079361884,0.006821308493218048,0.004641641779387751,0.0003240945218980773,0.0008073846376859224
2023-07-24,0.004220022946952007,0.020950656448812666,-0.0007251140190969174,0.013049619538555657,0.019683789040516153,-0.00900572393840815,0.003897923788010349,-0.0003890241045004794,0.012872600097357578,0.015689654763921368,0.004034153877153557,0.0008076923076923078
2023-07-25,0.004513584550618122,-0.015313934965782261,0.06267577017786286,0.007466390569547343,-0.007468308074564889,0.00980767467784971,0.017009089852146442,0.001362076947944768,-0.010033419427692092,0.001516372846647851,0.002814673351556163,0.0008099999794593224
2023-07-26,0.004544992537860004,0.008087039166200904,-0.02082624074034034,0.05594920348040566,0.005994051388314325,0.01392334053220834,-0.03763749482207901,-0.011562278475428012,0.006081091312703624,-0.0055829130718074715,-0.00015543889679858758,0.0008104615578284631
2023-07-27,-0.006580980555340399,-0.01419312208078849,0.006101786443459822,0.0016195545977721881,-0.011029350246963943,0.044009725721011916,-0.020872162419079743,-0.009338525331953451,-0.025520490643327953,0.003140160265137304,-0.006424666064487883,0.0008104615578284631
2023-07-28,0.013507974868155692,-0.0015649810083002702,-0.008923919560189342,0.024178020387350285,0.005704392803977942,0.04417573997859625,0.02313129563644334,0.004663693921397982,-0.004135108109596719,-0.011952124665694064,0.009877842794752345,0.0008084615560678335
2023-07-31,0.003165970278563579,0.0031348082340301175,-0.001311316781880123,0.0007518690898862257,0.006691753408016643,-0.02113802584055302,-0.007240505981318979,0.0031604509111977652,0.004844335600174388,0.02956979142935534,0.0014687129405193122,0.0008073846376859224
2023-08-01,-0.0042758970956706666,-0.011874973773956299,-0.008928542210607793,-0.009165361093148805,-0.0049380476382155924,0.012900142099266487,0.0012502536604719339,-0.003052022115682007,-0.015151533064255318,-0.0057813609405278354,-0.002665087639215691,0.0008092308044433593
2023-08-02,-0.015489983017774489,-0.013598997272708635,-0.011040452097888065,-0.02464174702433941,-0.01132458876600484,-0.02602954392149237,-0.02628291718131015,0.008591684017636103,0.0034965167879690284,-0.012474253802140733,-0.013839541336347905,0.0008092308044433593
2023-08-03,-0.007321620929643724,0.007053520666479907,0.0034830703348811554,0.0010106101012852253,0.006113334905688994,-0.003563345505669835,-0.0025648886383380365,0.0019583370477100903,-0.018118482367260214,0.01738060531863539,-0.0025479738404268204,0.0008089230610774114
2023-08-04,-0.04802007285706045,-0.0035020888534205152,0.006229947885721954,-0.0017862155680405944,-0.0021106608133817373,-0.00785462957278904,0.0034286768189129013,-0.016124328268543375,-0.0063875196318831096,0.002800533926054838,-0.005300074155050516,0.0008081538127018855
2023-08-07,-0.017253734065004633,0.01853034945187182,0.0147709697010594,0.026450982829172354,0.0047429189470007405,0.018762225617538153,0.00710832045857801,0.010528378336889688,0.0007143020629882812,-0.0020480085102518863,0.00902409277936278,0.0008092308044433593
2023-08-08,0.00531169323453029,-0.01913421327042031,-0.01028501935544024,-0.0007579665125444501,-0.005613610964914084,-0.0123830646335239,-0.01229893118427594,-0.010222147302294537,0.012134195111823676,0.004944078116778661,-0.004218283044793103,0.0008115384762103741
2023-08-09,-0.008954337045087524,-0.01311160349888374,-0.012153279134510253,-0.012818586835173784,-0.013407823525864782,-0.023765426193810835,-0.011715873466540572,-0.007745789073603793,0.006346978184128771,0.01698687601374793,-0.007038730380597102,0.0008123077245858999
2023-08-10,-0.0012346820198605446,0.0025923500364164465,0.012481069347708207,0.0004611050341696288,-0.001495518158396325,0.0017365053377516038,0.0021722531859413863,0.02283936297817668,-0.007007734986814285,0.005111388446425558,0.00025071394456976925,0.0008104615578284631
2023-08-11,0.0003375769990212607,0.011312229328647172,0.00906928574504362,-0.0003072616762073155,0.005795776268548325,-0.013410007577989824,-0.005945500947827309,-0.006590652903837757,0.014114312504467152,0.015528532108733284,-0.0010696923700230787,0.0008099999794593224
2023-08-14,0.009393180104611876,-0.011505292419883406,0.00828974337073185,0.01275258266466972,0.0020719153806521007,0.015084165137280614,0.009439027680497869,0.00019808171981461342,-0.007654812634187214,0.0008047540743769677,0.005750475751703066,0.0008107692278348482
2023-08-15,-0.01120032146677552,-0.03200775174103376,-0.014712285008553816,-0.011833403147433419,-0.025457145006406834,-0.01384757895609734,-0.006727722823671067,-0.009603021484891228,-0.008415139104699154,-0.025673348520645956,-0.011550909428841738,0.0008123077245858999
2023-08-16,-0.004959085033290345,-0.021710073711951994,-0.0024593656833514776,-0.008904610609232977,-0.0042431835966249,-0.02536844958581197,-0.0024284462096504367,-0.010595737194053045,-0.0028288515475118903,-0.016826990223709926,-0.007555395210577687,0.000813076899601863
2023-08-17,-0.014555174817995509,-0.0003414212553518592,-0.022981426585937603,0.01045624736374906,-0.010386826907485713,-0.03126172122702875,-0.010986233085912955,-0.02434838937536321,-0.006382989372551329,0.01937187567171539,-0.007712913029036983,0.0008119999812199519
