{"10": {"value": [4.859462828, 3.581823484, 2.484325842, 1.465989094, 0.484935708, -0.484935708, -1.465989094, -2.484325842, -3.581823484, -4.859462828], "weight": [4.31065e-06, 0.000758071, 0.019111581, 0.135483703, 0.344642335, 0.344642335, 0.135483703, 0.019111581, 0.000758071, 4.31065e-06]}, "20": {"value": [7.619048542, 6.510590157, 5.578738806, 4.734581334, 3.943967351, 3.189014817, 2.458663611, 1.745247321, 1.042945349, 0.346964157, -0.346964157, -1.042945349, -1.745247321, -2.458663611, -3.189014817, -3.943967351, -4.734581334, -5.578738806, -6.510590157, -7.619048542], "weight": [1.2578e-13, 2.48206e-10, 6.12749e-08, 4.40212e-06, 0.000128826, 0.001830103, 0.013997837, 0.061506372, 0.161739334, 0.260793063, 0.260793063, 0.161739334, 0.061506372, 0.013997837, 0.001830103, 0.000128826, 4.40212e-06, 6.12749e-08, 2.48206e-10, 1.2578e-13]}, "30": {"value": [9.706235997, 8.680837723, 7.825051744, 7.055396867, 6.339997687, 5.66238185, 5.012600596, 4.384020366, 3.771894423, 3.172634639, 2.5834021, 2.001858613, 1.426005658, 0.854073352, 0.284438761, -0.284438761, -0.854073352, -1.426005658, -2.001858613, -2.5834021, -3.172634639, -3.771894423, -4.384020366, -5.012600596, -5.66238185, -6.339997687, -7.055396867, -7.825051744, -8.680837723, -9.706235997], "weight": [1.64081e-21, 1.58556e-17, 1.62408e-14, 4.57343e-12, 5.17846e-10, 2.88218e-08, 8.90909e-07, 1.658e-05, 0.000196513, 0.001544707, 0.008295748, 0.03111177, 0.082786837, 0.158046953, 0.217999972, 0.217999972, 0.158046953, 0.082786837, 0.03111177, 0.008295748, 0.001544707, 0.000196513, 1.658e-05, 8.90909e-07, 2.88218e-08, 5.17846e-10, 4.57343e-12, 1.62408e-14, 1.58556e-17, 1.64081e-21]}, "40": {"value": [11.45337784, 10.48156053, 9.673556367, 8.949504544, 8.278940624, 7.646163765, 7.041738406, 6.459423378, 5.894805675, 5.344605446, 4.806287192, 4.277826156, 3.757559776, 3.244088733, 2.73620834, 2.232859219, 1.733090591, 1.236032005, 0.740870725, 0.246832896, -0.246832896, -0.740870725, -1.236032005, -1.733090591, -2.232859219, -2.73620834, -3.244088733, -3.757559776, -4.277826156, -4.806287192, -5.344605446, -5.894805675, -6.459423378, -7.041738406, -7.646163765, -8.278940624, -8.949504544, -9.673556367, -10.48156053, -11.45337784], "weight": [1.46184e-29, 4.82047e-25, 1.44861e-21, 1.12228e-18, 3.38985e-16, 4.96809e-14, 4.03764e-12, 1.98912e-10, 6.3259e-09, 1.36034e-07, 2.0489e-06, 2.22118e-05, 0.000177073, 0.001055879, 0.004773545, 0.016537844, 0.044274555, 0.092176579, 0.149921112, 0.19105901, 0.19105901, 0.149921112, 0.092176579, 0.044274555, 0.016537844, 0.004773545, 0.001055879, 0.000177073, 2.22118e-05, 2.0489e-06, 1.36034e-07, 6.3259e-09, 1.98912e-10, 4.03764e-12, 4.96809e-14, 3.38985e-16, 1.12228e-18, 1.44861e-21, 4.82047e-25, 1.46184e-29]}, "50": {"value": [12.98588446, 12.05301838, 11.27923332, 10.58738175, 9.94803571, 9.346039594, 8.77229958, 8.220815908, 7.687362407, 7.168814838, 6.662775399, 6.167347389, 5.680992291, 5.202434993, 4.73059855, 4.264557843, 3.803505742, 3.346727775, 2.893582728, 2.443487453, 1.99590471, 1.550333214, 1.106299289, 0.66334968, 0.221045182, -0.221045182, -0.66334968, -1.106299289, -1.550333214, -1.99590471, -2.443487453, -2.893582728, -3.346727775, -3.803505742, -4.264557843, -4.73059855, -5.202434993, -5.680992291, -6.167347389, -6.662775399, -7.168814838, -7.687362407, -8.220815908, -8.77229958, -9.346039594, -9.94803571, -10.58738175, -11.27923332, -12.05301838, -12.98588446], "weight": [1.03461e-37, 9.44341e-33, 6.85628e-29, 1.20604e-25, 7.99509e-23, 2.52248e-20, 4.36817e-18, 4.5667e-16, 3.08383e-14, 1.41423e-12, 4.57664e-11, 1.07706e-09, 1.88823e-08, 2.51461e-07, 2.58494e-06, 2.07849e-05, 0.000132173, 0.000670828, 0.002738161, 0.009045054, 0.024304813, 0.053343525, 0.09593054, 0.141685413, 0.172125852, 0.172125852, 0.141685413, 0.09593054, 0.053343525, 0.024304813, 0.009045054, 0.002738161, 0.000670828, 0.000132173, 2.07849e-05, 2.58494e-06, 2.51461e-07, 1.88823e-08, 1.07706e-09, 4.57664e-11, 1.41423e-12, 3.08383e-14, 4.5667e-16, 4.36817e-18, 2.52248e-20, 7.99509e-23, 1.20604e-25, 6.85628e-29, 9.44341e-33, 1.03461e-37]}, "60": {"value": [14.36715008, 13.46459111, 12.71717121, 12.04990464, 11.43418345, 10.85527694, 10.30435118, 9.775583711, 9.264879565, 8.769218063, 8.286287662, 7.814266859, 7.351685308, 6.897331785, 6.450190946, 6.009398508, 5.574208647, 5.143969727, 4.718105868, 4.296102681, 3.877496046, 3.461863141, 3.048815156, 2.637991292, 2.229053735, 1.821683385, 1.415576157, 1.010439725, 0.605990602, 0.201951448, -0.201951448, -0.605990602, -1.010439725, -1.415576157, -1.821683385, -2.229053735, -2.637991292, -3.048815156, -3.461863141, -3.877496046, -4.296102681, -4.718105868, -5.143969727, -5.574208647, -6.009398508, -6.450190946, -6.897331785, -7.351685308, -7.814266859, -8.286287662, -8.769218063, -9.264879565, -9.775583711, -10.30435118, -10.85527694, -11.43418345, -12.04990464, -12.71717121, -13.46459111, -14.36715008], "weight": [6.26018e-46, 1.37648e-40, 2.12791e-36, 7.51816e-33, 9.67908e-30, 5.8078e-27, 1.88764e-24, 3.67432e-22, 4.6002e-20, 3.90602e-18, 2.34277e-16, 1.02492e-14, 3.35604e-13, 8.40054e-12, 1.63579e-10, 2.51449e-09, 3.08925e-08, 3.06553e-07, 2.47921e-06, 1.64672e-05, 9.04268e-05, 0.000412859, 0.001574836, 0.005039442, 0.013575119, 0.030871873, 0.059408466, 0.096914318, 0.134203158, 0.157890214, 0.157890214, 0.134203158, 0.096914318, 0.059408466, 0.030871873, 0.013575119, 0.005039442, 0.001574836, 0.000412859, 9.04268e-05, 1.64672e-05, 2.47921e-06, 3.06553e-07, 3.08925e-08, 2.51449e-09, 1.63579e-10, 8.40054e-12, 3.35604e-13, 1.02492e-14, 2.34277e-16, 3.90602e-18, 4.6002e-20, 3.67432e-22, 1.88764e-24, 5.8078e-27, 9.67908e-30, 7.51816e-33, 2.12791e-36, 1.37648e-40, 6.26018e-46]}, "70": {"value": [15.63447139, 14.75655453, 14.03042191, 13.38287825, 12.78599294, 12.22538391, 11.69242798, 11.18144409, 10.68843952, 10.21047202, 9.745293177, 9.291134456, 8.84657153, 8.410434439, 7.981745859, 7.559677384, 7.143517759, 6.732649269, 6.326529838, 5.924679235, 5.526668253, 5.132110121, 4.74065359, 4.351977289, 3.96578508, 3.581802183, 3.199771901, 2.81945284, 2.440616497, 2.063045166, 1.68653008, 1.31086975, 0.935868455, 0.561334845, 0.187080637, -0.187080637, -0.561334845, -0.935868455, -1.31086975, -1.68653008, -2.063045166, -2.440616497, -2.81945284, -3.199771901, -3.581802183, -3.96578508, -4.351977289, -4.74065359, -5.132110121, -5.526668253, -5.924679235, -6.326529838, -6.732649269, -7.143517759, -7.559677384, -7.981745859, -8.410434439, -8.84657153, -9.291134456, -9.745293177, -10.21047202, -10.68843952, -11.18144409, -11.69242798, -12.22538391, -12.78599294, -13.38287825, -14.03042191, -14.75655453, -15.63447139], "weight": [3.37702e-54, 1.61856e-48, 4.87054e-44, 3.17166e-40, 7.28582e-37, 7.63824e-34, 4.27646e-31, 1.42022e-28, 3.01448e-26, 4.32259e-24, 4.36992e-22, 3.22125e-20, 1.77907e-18, 7.52766e-17, 2.48589e-15, 6.5079e-14, 1.3687e-12, 2.33901e-11, 3.28005e-10, 3.80677e-09, 3.68376e-08, 2.99161e-07, 2.05054e-06, 1.1922e-05, 5.90537e-05, 0.000250162, 0.000909324, 0.002844439, 0.007675984, 0.017908099, 0.036183532, 0.063408232, 0.096482147, 0.127579313, 0.146685402, 0.146685402, 0.127579313, 0.096482147, 0.063408232, 0.036183532, 0.017908099, 0.007675984, 0.002844439, 0.000909324, 0.000250162, 5.90537e-05, 1.1922e-05, 2.05054e-06, 2.99161e-07, 3.68376e-08, 3.80677e-09, 3.28005e-10, 2.33901e-11, 1.3687e-12, 6.5079e-14, 2.48589e-15, 7.52766e-17, 1.77907e-18, 3.22125e-20, 4.36992e-22, 4.32259e-24, 3.01448e-26, 1.42022e-28, 4.27646e-31, 7.63824e-34, 7.28582e-37, 3.17166e-40, 4.87054e-44, 1.61856e-48, 3.37702e-54]},